ano,idade,obitos,linhas_exposicao,exposicao_central,mx,qx
2012,20,45,99311,99311.0,0.00045,0.00045
2012,21,41,99268,99268.0,0.00042,0.00042
2012,22,44,99226,99226.0,0.00044,0.00044
2012,23,46,99181,99181.0,0.00046,0.00046
2012,24,46,99135,99135.0,0.00046,0.00046
2012,25,44,99090,99090.0,0.00044,0.00044
2012,26,52,99042,99042.0,0.00053,0.00053
2012,27,56,98988,98988.0,0.00057,0.00057
2012,28,48,98936,98936.0,0.00049,0.00049
2012,29,51,98886,98886.0,0.00052,0.00052
2012,30,52,98834,98834.0,0.00053,0.00053
2012,31,58,98779,98779.0,0.00059,0.00059
2012,32,65,98717,98717.0,0.00065,0.00065
2012,33,62,98654,98654.0,0.00063,0.00063
2012,34,72,98587,98587.0,0.00073,0.00073
2012,35,64,98519,98519.0,0.00065,0.00065
2012,36,74,98450,98450.0,0.00075,0.00075
2012,37,82,98372,98372.0,0.00083,0.00083
2012,38,93,98285,98285.0,0.00094,0.00094
2012,39,91,98193,98193.0,0.00093,0.00093
2012,40,113,98091,98091.0,0.00116,0.00115
2012,41,106,97981,97981.0,0.00108,0.00108
2012,42,113,97871,97871.0,0.00115,0.00115
2012,43,119,97755,97755.0,0.00122,0.00122
2012,44,141,97625,97625.0,0.00145,0.00145
2012,45,133,97488,97488.0,0.00137,0.00137
2012,46,143,97349,97349.0,0.00147,0.00147
2012,47,175,97191,97191.0,0.0018,0.00179
2012,48,192,97008,97008.0,0.00198,0.00197
2012,49,200,96812,96812.0,0.00207,0.00207
2012,50,228,96597,96597.0,0.00236,0.00236
2012,51,237,96365,96365.0,0.00246,0.00245
2012,52,254,96120,96120.0,0.00264,0.00263
2012,53,277,95855,95855.0,0.00289,0.00288
2012,54,292,95570,95570.0,0.00305,0.00305
2012,55,334,95257,95257.0,0.00351,0.0035
2012,56,360,94911,94911.0,0.00379,0.00378
2012,57,370,94545,94545.0,0.00392,0.00391
2012,58,404,94158,94158.0,0.00429,0.00428
2012,59,437,93738,93738.0,0.00466,0.00465
2012,60,470,93285,93285.0,0.00504,0.00503
2012,61,532,92783,92783.0,0.00574,0.00572
2012,62,569,92233,92233.0,0.00617,0.00615
2012,63,613,91642,91642.0,0.00669,0.00666
2012,64,696,90988,90988.0,0.00765,0.00762
2012,65,756,90262,90262.0,0.00837,0.00834
2012,66,805,89482,89482.0,0.009,0.00896
2012,67,856,88651,88651.0,0.00966,0.00961
2012,68,980,87733,87733.0,0.01117,0.01111
2012,69,1007,86739,86739.0,0.01161,0.01154
2012,70,1113,85679,85679.0,0.01299,0.0129
2013,20,43,99305,99305.0,0.00043,0.00043
2013,21,44,99262,99262.0,0.00044,0.00044
2013,22,38,99221,99221.0,0.00039,0.00039
2013,23,46,99179,99179.0,0.00046,0.00046
2013,24,28,99142,99142.0,0.00029,0.00029
2013,25,41,99107,99107.0,0.00041,0.00041
2013,26,49,99062,99062.0,0.0005,0.0005
2013,27,43,99016,99016.0,0.00043,0.00043
2013,28,49,98970,98970.0,0.00049,0.00049
2013,29,48,98922,98922.0,0.00049,0.00049
2013,30,54,98871,98871.0,0.00054,0.00054
2013,31,57,98816,98816.0,0.00058,0.00058
2013,32,63,98755,98755.0,0.00064,0.00064
2013,33,63,98693,98693.0,0.00063,0.00063
2013,34,63,98630,98630.0,0.00063,0.00063
2013,35,75,98561,98561.0,0.00076,0.00076
2013,36,79,98484,98484.0,0.0008,0.0008
2013,37,72,98409,98409.0,0.00073,0.00073
2013,38,85,98331,98331.0,0.00086,0.00086
2013,39,100,98238,98238.0,0.00102,0.00102
2013,40,99,98139,98139.0,0.00101,0.00101
2013,41,116,98031,98031.0,0.00118,0.00118
2013,42,118,97915,97915.0,0.0012,0.0012
2013,43,125,97793,97793.0,0.00128,0.00128
2013,44,123,97669,97669.0,0.00126,0.00126
2013,45,140,97538,97538.0,0.00143,0.00143
2013,46,152,97392,97392.0,0.00156,0.00156
2013,47,185,97224,97224.0,0.0019,0.0019
2013,48,197,97033,97033.0,0.00203,0.00203
2013,49,214,96827,96827.0,0.00221,0.00221
2013,50,225,96608,96608.0,0.00233,0.00232
2013,51,216,96387,96387.0,0.00224,0.00224
2013,52,265,96147,96147.0,0.00276,0.00275
2013,53,288,95870,95870.0,0.00301,0.003
2013,54,300,95576,95576.0,0.00314,0.00314
2013,55,333,95259,95259.0,0.00349,0.00349
2013,56,367,94910,94910.0,0.00386,0.00386
2013,57,407,94523,94523.0,0.00431,0.0043
2013,58,410,94114,94114.0,0.00436,0.00435
2013,59,431,93693,93693.0,0.0046,0.00459
2013,60,479,93238,93238.0,0.00514,0.00513
2013,61,511,92742,92742.0,0.00551,0.0055
2013,62,575,92199,92199.0,0.00623,0.00621
2013,63,628,91598,91598.0,0.00686,0.00684
2013,64,661,90953,90953.0,0.00726,0.00724
2013,65,751,90247,90247.0,0.00832,0.00829
2013,66,812,89466,89466.0,0.00907,0.00903
2013,67,834,88643,88643.0,0.00941,0.00937
2013,68,959,87746,87746.0,0.01092,0.01086
2013,69,1082,86726,86726.0,0.01248,0.0124
2013,70,1081,85644,85644.0,0.01262,0.01255
2014,20,40,99358,99358.0,0.0004,0.0004
2014,21,42,99317,99317.0,0.00042,0.00042
2014,22,37,99277,99277.0,0.00037,0.00037
2014,23,44,99237,99237.0,0.00044,0.00044
2014,24,41,99194,99194.0,0.00042,0.00042
2014,25,45,99151,99151.0,0.00045,0.00045
2014,26,47,99105,99105.0,0.00047,0.00047
2014,27,44,99059,99059.0,0.00045,0.00045
2014,28,42,99016,99016.0,0.00043,0.00043
2014,29,54,98968,98968.0,0.00055,0.00055
2014,30,48,98917,98917.0,0.00049,0.00049
2014,31,57,98864,98864.0,0.00058,0.00057
2014,32,66,98803,98803.0,0.00066,0.00066
2014,33,67,98736,98736.0,0.00068,0.00068
2014,34,75,98665,98665.0,0.00076,0.00076
2014,35,76,98590,98590.0,0.00077,0.00077
2014,36,85,98509,98509.0,0.00087,0.00087
2014,37,83,98425,98425.0,0.00084,0.00084
2014,38,96,98336,98336.0,0.00098,0.00098
2014,39,99,98238,98238.0,0.00101,0.00101
2014,40,107,98135,98135.0,0.00109,0.00109
2014,41,114,98025,98025.0,0.00116,0.00116
2014,42,119,97908,97908.0,0.00122,0.00122
2014,43,140,97778,97778.0,0.00143,0.00143
2014,44,135,97641,97641.0,0.00138,0.00138
2014,45,141,97503,97503.0,0.00144,0.00144
2014,46,174,97346,97346.0,0.00179,0.00178
2014,47,169,97174,97174.0,0.00174,0.00173
2014,48,188,96996,96996.0,0.00194,0.00194
2014,49,207,96798,96798.0,0.00214,0.00213
2014,50,215,96588,96588.0,0.00222,0.00222
2014,51,249,96356,96356.0,0.00258,0.00258
2014,52,266,96098,96098.0,0.00277,0.00277
2014,53,271,95830,95830.0,0.00282,0.00282
2014,54,305,95542,95542.0,0.00319,0.00319
2014,55,334,95223,95223.0,0.0035,0.0035
2014,56,360,94876,94876.0,0.00379,0.00379
2014,57,386,94503,94503.0,0.00408,0.00407
2014,58,417,94102,94102.0,0.00444,0.00443
2014,59,439,93673,93673.0,0.00469,0.00467
2014,60,488,93210,93210.0,0.00523,0.00522
2014,61,540,92696,92696.0,0.00582,0.00581
2014,62,573,92140,92140.0,0.00622,0.0062
2014,63,609,91549,91549.0,0.00665,0.00663
2014,64,677,90906,90906.0,0.00745,0.00742
2014,65,726,90205,90205.0,0.00804,0.00801
2014,66,760,89462,89462.0,0.0085,0.00846
2014,67,877,88643,88643.0,0.00989,0.00984
2014,68,925,87743,87743.0,0.01054,0.01048
2014,69,1039,86761,86761.0,0.01198,0.01191
2014,70,1130,85677,85677.0,0.01318,0.0131
2015,20,41,99354,99354.0,0.00041,0.00041
2015,21,33,99317,99317.0,0.00033,0.00033
2015,22,39,99282,99282.0,0.00039,0.00039
2015,23,47,99239,99239.0,0.00047,0.00047
2015,24,39,99196,99196.0,0.0004,0.0004
2015,25,40,99156,99156.0,0.00041,0.00041
2015,26,54,99109,99109.0,0.00054,0.00054
2015,27,46,99059,99059.0,0.00047,0.00047
2015,28,46,99012,99012.0,0.00046,0.00046
2015,29,53,98963,98963.0,0.00053,0.00053
2015,30,50,98912,98912.0,0.00051,0.00051
2015,31,61,98856,98856.0,0.00062,0.00062
2015,32,62,98794,98794.0,0.00063,0.00063
2015,33,62,98732,98732.0,0.00063,0.00063
2015,34,68,98667,98667.0,0.00069,0.00069
2015,35,82,98592,98592.0,0.00083,0.00083
2015,36,85,98509,98509.0,0.00086,0.00086
2015,37,81,98426,98426.0,0.00083,0.00083
2015,38,92,98339,98339.0,0.00094,0.00094
2015,39,96,98245,98245.0,0.00097,0.00097
2015,40,103,98145,98145.0,0.00105,0.00105
2015,41,113,98037,98037.0,0.00116,0.00116
2015,42,128,97916,97916.0,0.00131,0.00131
2015,43,142,97781,97781.0,0.00145,0.00145
2015,44,143,97639,97639.0,0.00147,0.00147
2015,45,147,97494,97494.0,0.00151,0.00151
2015,46,150,97345,97345.0,0.00154,0.00154
2015,47,184,97178,97178.0,0.00189,0.00189
2015,48,209,96982,96982.0,0.00215,0.00215
2015,49,211,96772,96772.0,0.00218,0.00218
2015,50,232,96551,96551.0,0.0024,0.0024
2015,51,248,96311,96311.0,0.00258,0.00257
2015,52,253,96060,96060.0,0.00263,0.00263
2015,53,291,95788,95788.0,0.00304,0.00303
2015,54,313,95486,95486.0,0.00328,0.00327
2015,55,339,95160,95160.0,0.00356,0.00355
2015,56,360,94811,94811.0,0.00379,0.00379
2015,57,387,94438,94438.0,0.0041,0.00409
2015,58,426,94031,94031.0,0.00453,0.00452
2015,59,435,93601,93601.0,0.00464,0.00463
2015,60,514,93127,93127.0,0.00552,0.0055
2015,61,499,92620,92620.0,0.00539,0.00537
2015,62,567,92087,92087.0,0.00616,0.00614
2015,63,594,91507,91507.0,0.00649,0.00647
2015,64,660,90880,90880.0,0.00726,0.00724
2015,65,673,90213,90213.0,0.00746,0.00743
2015,66,770,89492,89492.0,0.00861,0.00857
2015,67,828,88693,88693.0,0.00934,0.00929
2015,68,961,87798,87798.0,0.01095,0.01089
2015,69,950,86842,86842.0,0.01094,0.01088
2015,70,1070,85832,85832.0,0.01247,0.01239
2016,20,42,99396,99396.0,0.00042,0.00042
2016,21,36,99357,99357.0,0.00036,0.00036
2016,22,48,99315,99315.0,0.00048,0.00048
2016,23,44,99269,99269.0,0.00044,0.00044
2016,24,44,99226,99226.0,0.00044,0.00044
2016,25,49,99179,99179.0,0.00049,0.00049
2016,26,41,99134,99134.0,0.00041,0.00041
2016,27,51,99088,99088.0,0.00051,0.00051
2016,28,46,99040,99040.0,0.00047,0.00047
2016,29,50,98991,98991.0,0.00051,0.00051
2016,30,63,98935,98935.0,0.00063,0.00063
2016,31,57,98875,98875.0,0.00058,0.00058
2016,32,60,98816,98816.0,0.00061,0.00061
2016,33,61,98756,98756.0,0.00061,0.00061
2016,34,76,98687,98687.0,0.00077,0.00077
2016,35,77,98611,98611.0,0.00078,0.00078
2016,36,76,98534,98534.0,0.00078,0.00078
2016,37,91,98451,98451.0,0.00092,0.00092
2016,38,86,98363,98363.0,0.00087,0.00087
2016,39,90,98275,98275.0,0.00091,0.00091
2016,40,105,98178,98178.0,0.00106,0.00106
2016,41,113,98069,98069.0,0.00116,0.00116
2016,42,120,97952,97952.0,0.00122,0.00122
2016,43,132,97826,97826.0,0.00135,0.00135
2016,44,144,97688,97688.0,0.00147,0.00147
2016,45,151,97540,97540.0,0.00155,0.00155
2016,46,165,97383,97383.0,0.00169,0.00169
2016,47,167,97217,97217.0,0.00172,0.00172
2016,48,195,97036,97036.0,0.00201,0.00201
2016,49,201,96837,96837.0,0.00208,0.00208
2016,50,204,96635,96635.0,0.00211,0.00211
2016,51,246,96410,96410.0,0.00255,0.00255
2016,52,253,96160,96160.0,0.00263,0.00263
2016,53,284,95892,95892.0,0.00296,0.00296
2016,54,312,95594,95594.0,0.00327,0.00326
2016,55,327,95274,95274.0,0.00343,0.00343
2016,56,351,94935,94935.0,0.0037,0.00369
2016,57,374,94573,94573.0,0.00396,0.00395
2016,58,405,94183,94183.0,0.0043,0.00429
2016,59,443,93759,93759.0,0.00472,0.00471
2016,60,490,93293,93293.0,0.00525,0.00524
2016,61,516,92790,92790.0,0.00556,0.00555
2016,62,536,92264,92264.0,0.00581,0.00579
2016,63,595,91699,91699.0,0.00649,0.00646
2016,64,636,91083,91083.0,0.00698,0.00695
2016,65,690,90421,90421.0,0.00763,0.0076
2016,66,744,89704,89704.0,0.00829,0.00826
2016,67,799,88933,88933.0,0.00898,0.00894
2016,68,880,88093,88093.0,0.00999,0.00994
2016,69,1021,87143,87143.0,0.01172,0.01165
2016,70,1069,86098,86098.0,0.01241,0.01234
2017,20,39,99346,99346.0,0.0004,0.0004
2017,21,41,99306,99306.0,0.00041,0.00041
2017,22,41,99266,99266.0,0.00041,0.00041
2017,23,38,99226,99226.0,0.00038,0.00038
2017,24,44,99185,99185.0,0.00044,0.00044
2017,25,46,99141,99141.0,0.00046,0.00046
2017,26,43,99096,99096.0,0.00044,0.00044
2017,27,43,99053,99053.0,0.00043,0.00043
2017,28,49,99007,99007.0,0.0005,0.0005
2017,29,48,98958,98958.0,0.00049,0.00049
2017,30,55,98907,98907.0,0.00056,0.00056
2017,31,53,98852,98852.0,0.00054,0.00054
2017,32,63,98794,98794.0,0.00064,0.00064
2017,33,61,98732,98732.0,0.00062,0.00062
2017,34,74,98665,98665.0,0.00075,0.00075
2017,35,74,98591,98591.0,0.00075,0.00075
2017,36,83,98512,98512.0,0.00084,0.00084
2017,37,86,98428,98428.0,0.00088,0.00088
2017,38,92,98339,98339.0,0.00093,0.00093
2017,39,103,98242,98242.0,0.00105,0.00105
2017,40,108,98136,98136.0,0.0011,0.0011
2017,41,114,98025,98025.0,0.00117,0.00117
2017,42,129,97904,97904.0,0.00131,0.00131
2017,43,120,97780,97780.0,0.00122,0.00122
2017,44,153,97643,97643.0,0.00156,0.00156
2017,45,165,97484,97484.0,0.0017,0.00169
2017,46,170,97317,97317.0,0.00174,0.00174
2017,47,186,97139,97139.0,0.00191,0.00191
2017,48,186,96953,96953.0,0.00192,0.00192
2017,49,204,96758,96758.0,0.00211,0.00211
2017,50,224,96544,96544.0,0.00232,0.00232
2017,51,241,96311,96311.0,0.0025,0.0025
2017,52,262,96059,96059.0,0.00272,0.00272
2017,53,270,95794,95794.0,0.00282,0.00282
2017,54,299,95509,95509.0,0.00313,0.00312
2017,55,330,95195,95195.0,0.00347,0.00346
2017,56,351,94854,94854.0,0.0037,0.00369
2017,57,362,94498,94498.0,0.00383,0.00382
2017,58,419,94108,94108.0,0.00445,0.00444
2017,59,439,93678,93678.0,0.00469,0.00468
2017,60,483,93217,93217.0,0.00518,0.00517
2017,61,500,92726,92726.0,0.00539,0.00538
2017,62,579,92186,92186.0,0.00628,0.00626
2017,63,570,91612,91612.0,0.00622,0.0062
2017,64,635,91009,91009.0,0.00698,0.00696
2017,65,704,90339,90339.0,0.00779,0.00776
2017,66,753,89611,89611.0,0.00841,0.00837
2017,67,845,88812,88812.0,0.00952,0.00947
2017,68,905,87936,87936.0,0.01029,0.01024
2017,69,967,87001,87001.0,0.01111,0.01105
2017,70,1121,85957,85957.0,0.01304,0.01295
2018,20,43,99386,99386.0,0.00043,0.00043
2018,21,38,99346,99346.0,0.00038,0.00038
2018,22,40,99307,99307.0,0.0004,0.0004
2018,23,44,99265,99265.0,0.00044,0.00044
2018,24,39,99223,99223.0,0.00039,0.00039
2018,25,41,99183,99183.0,0.00042,0.00042
2018,26,42,99142,99142.0,0.00042,0.00042
2018,27,44,99099,99099.0,0.00044,0.00044
2018,28,46,99054,99054.0,0.00047,0.00047
2018,29,51,99006,99006.0,0.00051,0.00051
2018,30,52,98954,98954.0,0.00053,0.00053
2018,31,47,98905,98905.0,0.00047,0.00047
2018,32,63,98850,98850.0,0.00064,0.00064
2018,33,62,98787,98787.0,0.00063,0.00063
2018,34,59,98727,98727.0,0.0006,0.0006
2018,35,71,98662,98662.0,0.00072,0.00072
2018,36,77,98588,98588.0,0.00078,0.00078
2018,37,78,98510,98510.0,0.00079,0.00079
2018,38,94,98424,98424.0,0.00096,0.00096
2018,39,100,98327,98327.0,0.00102,0.00102
2018,40,90,98232,98232.0,0.00092,0.00092
2018,41,105,98134,98134.0,0.00107,0.00107
2018,42,112,98026,98026.0,0.00114,0.00114
2018,43,121,97910,97910.0,0.00123,0.00123
2018,44,134,97782,97782.0,0.00137,0.00137
2018,45,146,97642,97642.0,0.0015,0.0015
2018,46,151,97493,97493.0,0.00155,0.00155
2018,47,169,97333,97333.0,0.00174,0.00174
2018,48,189,97154,97154.0,0.00195,0.00194
2018,49,201,96959,96959.0,0.00207,0.00207
2018,50,202,96757,96757.0,0.00208,0.00208
2018,51,225,96544,96544.0,0.00233,0.00233
2018,52,242,96310,96310.0,0.00252,0.00251
2018,53,270,96054,96054.0,0.00281,0.00281
2018,54,305,95766,95766.0,0.00318,0.00318
2018,55,322,95453,95453.0,0.00338,0.00337
2018,56,353,95115,95115.0,0.00371,0.0037
2018,57,374,94752,94752.0,0.00395,0.00394
2018,58,399,94365,94365.0,0.00423,0.00422
2018,59,438,93947,93947.0,0.00466,0.00465
2018,60,479,93488,93488.0,0.00512,0.00511
2018,61,528,92985,92985.0,0.00568,0.00567
2018,62,572,92435,92435.0,0.00619,0.00617
2018,63,612,91843,91843.0,0.00666,0.00664
2018,64,615,91229,91229.0,0.00674,0.00671
2018,65,654,90595,90595.0,0.00721,0.00719
2018,66,753,89892,89892.0,0.00838,0.00834
2018,67,770,89130,89130.0,0.00864,0.0086
2018,68,881,88305,88305.0,0.00998,0.00993
2018,69,934,87397,87397.0,0.01068,0.01063
2018,70,994,86434,86434.0,0.0115,0.01143
2019,20,44,99367,99367.0,0.00045,0.00045
2019,21,42,99323,99323.0,0.00042,0.00042
2019,22,41,99282,99282.0,0.00041,0.00041
2019,23,47,99238,99238.0,0.00047,0.00047
2019,24,50,99190,99190.0,0.00051,0.00051
2019,25,44,99142,99142.0,0.00044,0.00044
2019,26,53,99094,99094.0,0.00053,0.00053
2019,27,46,99044,99044.0,0.00047,0.00047
2019,28,46,98998,98998.0,0.00047,0.00047
2019,29,48,98951,98951.0,0.00048,0.00048
2019,30,53,98901,98901.0,0.00053,0.00053
2019,31,48,98851,98851.0,0.00049,0.00049
2019,32,52,98801,98801.0,0.00053,0.00053
2019,33,61,98744,98744.0,0.00062,0.00062
2019,34,68,98680,98680.0,0.00069,0.00069
2019,35,70,98610,98610.0,0.00071,0.00071
2019,36,82,98534,98534.0,0.00084,0.00084
2019,37,78,98454,98454.0,0.00079,0.00079
2019,38,78,98376,98376.0,0.00079,0.00079
2019,39,97,98288,98288.0,0.00099,0.00099
2019,40,108,98185,98185.0,0.0011,0.0011
2019,41,106,98079,98079.0,0.00108,0.00108
2019,42,112,97970,97970.0,0.00114,0.00114
2019,43,127,97850,97850.0,0.0013,0.0013
2019,44,133,97720,97720.0,0.00136,0.00136
2019,45,149,97579,97579.0,0.00153,0.00153
2019,46,161,97424,97424.0,0.00165,0.00165
2019,47,165,97261,97261.0,0.0017,0.0017
2019,48,183,97087,97087.0,0.00188,0.00188
2019,49,208,96891,96891.0,0.00215,0.00215
2019,50,209,96683,96683.0,0.00216,0.00216
2019,51,229,96464,96464.0,0.00238,0.00237
2019,52,246,96226,96226.0,0.00256,0.00255
2019,53,253,95976,95976.0,0.00263,0.00263
2019,54,298,95701,95701.0,0.00311,0.00311
2019,55,306,95399,95399.0,0.00321,0.0032
2019,56,333,95079,95079.0,0.0035,0.0035
2019,57,364,94731,94731.0,0.00384,0.00383
2019,58,415,94341,94341.0,0.0044,0.00439
2019,59,443,93912,93912.0,0.00472,0.00471
2019,60,458,93462,93462.0,0.0049,0.00488
2019,61,518,92974,92974.0,0.00557,0.00556
2019,62,547,92442,92442.0,0.00592,0.0059
2019,63,617,91860,91860.0,0.00672,0.0067
2019,64,654,91224,91224.0,0.00717,0.00715
2019,65,680,90557,90557.0,0.00751,0.00748
2019,66,741,89846,89846.0,0.00824,0.00821
2019,67,787,89083,89083.0,0.00883,0.00879
2019,68,844,88267,88267.0,0.00956,0.00952
2019,69,918,87386,87386.0,0.01051,0.01045
2019,70,1016,86419,86419.0,0.01176,0.01169
2020,20,37,99397,99397.0,0.00037,0.00037
2020,21,44,99356,99356.0,0.00045,0.00045
2020,22,40,99314,99314.0,0.0004,0.0004
2020,23,42,99273,99273.0,0.00042,0.00042
2020,24,44,99230,99230.0,0.00044,0.00044
2020,25,41,99188,99188.0,0.00041,0.00041
2020,26,45,99145,99145.0,0.00046,0.00046
2020,27,46,99099,99099.0,0.00046,0.00046
2020,28,56,99048,99048.0,0.00057,0.00057
2020,29,51,98994,98994.0,0.00051,0.00051
2020,30,56,98941,98941.0,0.00056,0.00056
2020,31,59,98884,98884.0,0.00059,0.00059
2020,32,60,98824,98824.0,0.00061,0.00061
2020,33,52,98768,98768.0,0.00053,0.00053
2020,34,63,98710,98710.0,0.00064,0.00064
2020,35,70,98644,98644.0,0.00071,0.00071
2020,36,76,98571,98571.0,0.00077,0.00077
2020,37,80,98493,98493.0,0.00081,0.00081
2020,38,81,98413,98413.0,0.00082,0.00082
2020,39,85,98329,98329.0,0.00087,0.00087
2020,40,100,98237,98237.0,0.00102,0.00102
2020,41,101,98136,98136.0,0.00103,0.00103
2020,42,106,98033,98033.0,0.00108,0.00108
2020,43,110,97925,97925.0,0.00112,0.00112
2020,44,127,97806,97806.0,0.00129,0.00129
2020,45,143,97671,97671.0,0.00147,0.00147
2020,46,147,97526,97526.0,0.00151,0.00151
2020,47,178,97364,97364.0,0.00183,0.00183
2020,48,180,97184,97184.0,0.00185,0.00185
2020,49,192,96998,96998.0,0.00197,0.00197
2020,50,203,96801,96801.0,0.00209,0.00209
2020,51,230,96585,96585.0,0.00238,0.00238
2020,52,243,96349,96349.0,0.00252,0.00252
2020,53,273,96091,96091.0,0.00284,0.00283
2020,54,285,95812,95812.0,0.00298,0.00297
2020,55,304,95517,95517.0,0.00318,0.00317
2020,56,329,95201,95201.0,0.00345,0.00344
2020,57,377,94848,94848.0,0.00398,0.00397
2020,58,361,94479,94479.0,0.00382,0.00381
2020,59,433,94082,94082.0,0.0046,0.00459
2020,60,464,93634,93634.0,0.00495,0.00494
2020,61,488,93158,93158.0,0.00523,0.00522
2020,62,514,92657,92657.0,0.00555,0.00553
2020,63,590,92105,92105.0,0.0064,0.00638
2020,64,618,91501,91501.0,0.00676,0.00673
2020,65,655,90865,90865.0,0.00721,0.00719
2020,66,698,90188,90188.0,0.00774,0.00771
2020,67,734,89472,89472.0,0.00821,0.00818
2020,68,796,88707,88707.0,0.00898,0.00894
2020,69,914,87852,87852.0,0.0104,0.01035
2020,70,1033,86878,86878.0,0.01189,0.01182
2021,20,42,99365,99365.0,0.00042,0.00042
2021,21,38,99325,99325.0,0.00039,0.00039
2021,22,42,99285,99285.0,0.00042,0.00042
2021,23,40,99244,99244.0,0.0004,0.0004
2021,24,45,99202,99202.0,0.00046,0.00046
2021,25,44,99157,99157.0,0.00044,0.00044
2021,26,45,99112,99112.0,0.00046,0.00046
2021,27,45,99067,99067.0,0.00045,0.00045
2021,28,47,99021,99021.0,0.00048,0.00048
2021,29,49,98973,98973.0,0.0005,0.0005
2021,30,49,98924,98924.0,0.00049,0.00049
2021,31,53,98873,98873.0,0.00053,0.00053
2021,32,60,98817,98817.0,0.00061,0.00061
2021,33,57,98758,98758.0,0.00058,0.00058
2021,34,64,98697,98697.0,0.00065,0.00065
2021,35,58,98636,98636.0,0.00059,0.00059
2021,36,71,98572,98572.0,0.00072,0.00072
2021,37,70,98501,98501.0,0.00071,0.00071
2021,38,84,98424,98424.0,0.00086,0.00086
2021,39,78,98342,98342.0,0.00079,0.00079
2021,40,86,98261,98261.0,0.00087,0.00087
2021,41,94,98171,98171.0,0.00096,0.00095
2021,42,116,98066,98066.0,0.00118,0.00118
2021,43,117,97949,97949.0,0.0012,0.0012
2021,44,141,97820,97820.0,0.00144,0.00144
2021,45,151,97674,97674.0,0.00155,0.00155
2021,46,145,97526,97526.0,0.00149,0.00149
2021,47,159,97374,97374.0,0.00163,0.00163
2021,48,177,97206,97206.0,0.00182,0.00182
2021,49,194,97021,97021.0,0.002,0.002
2021,50,223,96812,96812.0,0.00231,0.00231
2021,51,230,96585,96585.0,0.00238,0.00237
2021,52,230,96356,96356.0,0.00238,0.00238
2021,53,263,96110,96110.0,0.00273,0.00273
2021,54,289,95834,95834.0,0.00301,0.00301
2021,55,313,95533,95533.0,0.00328,0.00327
2021,56,324,95214,95214.0,0.0034,0.00339
2021,57,379,94863,94863.0,0.004,0.00399
2021,58,401,94473,94473.0,0.00424,0.00424
2021,59,421,94062,94062.0,0.00448,0.00447
2021,60,465,93618,93618.0,0.00497,0.00496
2021,61,476,93148,93148.0,0.00511,0.0051
2021,62,517,92651,92651.0,0.00558,0.00556
2021,63,571,92107,92107.0,0.00619,0.00618
2021,64,617,91514,91514.0,0.00675,0.00672
2021,65,673,90868,90868.0,0.00741,0.00738
2021,66,701,90181,90181.0,0.00777,0.00774
2021,67,794,89433,89433.0,0.00888,0.00884
2021,68,857,88608,88608.0,0.00967,0.00962
2021,69,906,87727,87727.0,0.01033,0.01028
2021,70,1001,86773,86773.0,0.01154,0.01147
