ano_calendario,idade,coorte_nascimento,qx_projetado,improvement_anual_pct,improvement_acumulado_pct,modelo_origem
2021,20,2001,0.0004062,0.0,69.636,Baseline
2021,21,2000,0.0004009,0.0,71.4419,Baseline
2021,22,1999,0.0004121,0.0,71.4071,Baseline
2021,23,1998,0.0004149,0.0,71.7726,Baseline
2021,24,1997,0.0004671,0.0,68.8028,Baseline
2021,25,1996,0.0004351,0.0,71.5285,Baseline
2021,26,1995,0.0004495,0.0,71.1815,Baseline
2021,27,1994,0.0004439,0.0,72.0248,Baseline
2021,28,1993,0.0005012,0.0,68.8285,Baseline
2021,29,1992,0.0004962,0.0,69.4143,Baseline
2021,30,1991,0.0005348,0.0,67.2693,Baseline
2021,31,1990,0.0005175,0.0,68.5955,Baseline
2021,32,1989,0.0005895,0.0,64.6927,Baseline
2021,33,1988,0.0005759,0.0,66.1924,Baseline
2021,34,1987,0.0006545,0.0,62.647,Baseline
2021,35,1986,0.0006814,0.0,62.5111,Baseline
2021,36,1985,0.0007774,0.0,59.078,Baseline
2021,37,1984,0.0007851,0.0,60.7091,Baseline
2021,38,1983,0.0008437,0.0,60.0553,Baseline
2021,39,1982,0.0008926,0.0,60.1435,Baseline
2021,40,1981,0.0009588,0.0,59.7019,Baseline
2021,41,1980,0.0010234,0.0,59.5195,Baseline
2021,42,1979,0.0011548,0.0,56.996,Baseline
2021,43,1978,0.0012033,0.0,57.7733,Baseline
2021,44,1977,0.0013976,0.0,53.7625,Baseline
2021,45,1976,0.0015718,0.0,51.001,Baseline
2021,46,1975,0.0015757,0.0,53.7942,Baseline
2021,47,1974,0.0017179,0.0,52.754,Baseline
2021,48,1973,0.0018518,0.0,52.4051,Baseline
2021,49,1972,0.0020278,0.0,51.4737,Baseline
2021,50,1971,0.0021507,0.0,52.2316,Baseline
2021,51,1970,0.0023912,0.0,50.8178,Baseline
2021,52,1969,0.0024659,0.0,53.0872,Baseline
2021,53,1968,0.0027335,0.0,51.9032,Baseline
2021,54,1967,0.003064,0.0,50.0938,Baseline
2021,55,1966,0.0032219,0.0,51.3436,Baseline
2021,56,1965,0.0034412,0.0,51.7243,Baseline
2021,57,1964,0.0038962,0.0,49.1314,Baseline
2021,58,1963,0.004151,0.0,49.5161,Baseline
2021,59,1962,0.0045958,0.0,47.9688,Baseline
2021,60,1961,0.0049826,0.0,47.6276,Baseline
2021,61,1960,0.0052659,0.0,48.8627,Baseline
2021,62,1959,0.0056864,0.0,49.2741,Baseline
2021,63,1958,0.0063252,0.0,48.4413,Baseline
2021,64,1957,0.0066827,0.0,50.3622,Baseline
2021,65,1956,0.007149,0.0,51.5379,Baseline
2021,66,1955,0.0077738,0.0,51.6405,Baseline
2021,67,1954,0.008495,0.0,51.0644,Baseline
2021,68,1953,0.0092376,0.0,50.2561,Baseline
2021,69,1952,0.0101984,0.0,48.3185,Baseline
2021,70,1951,0.011523,0.0,44.9509,Baseline
2022,20,2002,0.0004038,69.8175,69.8175,Baseline
2022,21,2001,0.0004009,71.4419,71.4419,Baseline
2022,22,2000,0.0004121,71.4071,71.4071,Baseline
2022,23,1999,0.0004101,72.0972,72.0972,Baseline
2022,24,1998,0.0004671,68.8028,68.8028,Baseline
2022,25,1997,0.0004348,71.5465,71.5465,Baseline
2022,26,1996,0.0004442,71.5184,71.5184,Baseline
2022,27,1995,0.0004391,72.3294,72.3294,Baseline
2022,28,1994,0.0005012,68.8285,68.8285,Baseline
2022,29,1993,0.0004934,69.5822,69.5822,Baseline
2022,30,1992,0.0005346,67.2814,67.2814,Baseline
2022,31,1991,0.0005097,69.0685,69.0685,Baseline
2022,32,1990,0.0005827,65.0988,65.0988,Baseline
2022,33,1989,0.0005676,66.6806,66.6806,Baseline
2022,34,1988,0.0006472,63.0664,63.0664,Baseline
2022,35,1987,0.0006723,63.0123,63.0123,Baseline
2022,36,1986,0.0007726,59.3325,59.3325,Baseline
2022,37,1985,0.0007796,60.9884,60.9884,Baseline
2022,38,1984,0.0008331,60.5562,60.5562,Baseline
2022,39,1983,0.0008798,60.7166,60.7166,Baseline
2022,40,1982,0.0009429,60.3696,60.3696,Baseline
2022,41,1981,0.0010068,60.1761,60.1761,Baseline
2022,42,1980,0.0011465,57.3057,57.3057,Baseline
2022,43,1979,0.0011877,58.3214,58.3214,Baseline
2022,44,1978,0.0013966,53.7967,53.7967,Baseline
2022,45,1977,0.0015718,51.001,51.001,Baseline
2022,46,1976,0.0015715,53.9167,53.9167,Baseline
2022,47,1975,0.001704,53.1353,53.1353,Baseline
2022,48,1974,0.0018308,52.9429,52.9429,Baseline
2022,49,1973,0.002013,51.828,51.828,Baseline
2022,50,1972,0.0021326,52.6338,52.6338,Baseline
2022,51,1971,0.0023823,51.0003,51.0003,Baseline
2022,52,1970,0.0024357,53.6614,53.6614,Baseline
2022,53,1969,0.0027085,52.3423,52.3423,Baseline
2022,54,1968,0.0030499,50.3244,50.3244,Baseline
2022,55,1967,0.0031854,51.8949,51.8949,Baseline
2022,56,1966,0.0033944,52.3804,52.3804,Baseline
2022,57,1965,0.0038767,49.3852,49.3852,Baseline
2022,58,1964,0.0041202,49.8912,49.8912,Baseline
2022,59,1963,0.0045873,48.0656,48.0656,Baseline
2022,60,1962,0.0049537,47.9319,47.9319,Baseline
2022,61,1961,0.0052187,49.3214,49.3214,Baseline
2022,62,1960,0.0056221,49.8478,49.8478,Baseline
2022,63,1959,0.0062843,48.7749,48.7749,Baseline
2022,64,1958,0.0066001,50.9763,50.9763,Baseline
2022,65,1957,0.0070409,52.2712,52.2712,Baseline
2022,66,1956,0.0076502,52.4089,52.4089,Baseline
2022,67,1955,0.0083702,51.7833,51.7833,Baseline
2022,68,1954,0.00905,51.2664,51.2664,Baseline
2022,69,1953,0.0100097,49.2752,49.2752,Baseline
2022,70,1952,0.0113676,45.6935,45.6935,Baseline
2023,20,2003,0.0004014,45.2259,69.998,Baseline
2023,21,2002,0.0004009,46.5602,71.4419,Baseline
2023,22,2001,0.0004121,46.5277,71.4071,Baseline
2023,23,2000,0.0004054,47.4815,72.4181,Baseline
2023,24,1999,0.0004671,44.1455,68.8028,Baseline
2023,25,1998,0.0004345,46.675,71.5644,Baseline
2023,26,1997,0.000439,46.9447,71.8513,Baseline
2023,27,1996,0.0004343,47.6844,72.6308,Baseline
2023,28,1995,0.0005012,44.1686,68.8285,Baseline
2023,29,1994,0.0004907,44.9993,69.7492,Baseline
2023,30,1993,0.0005344,42.8104,67.2935,Baseline
2023,31,1992,0.000502,44.8042,69.5343,Baseline
2023,32,1991,0.000576,41.2634,65.5001,Baseline
2023,33,1990,0.0005594,42.6953,67.1617,Baseline
2023,34,1989,0.0006399,39.5692,63.4812,Baseline
2023,35,1988,0.0006633,39.5904,63.5068,Baseline
2023,36,1987,0.0007678,36.4276,59.5855,Baseline
2023,37,1986,0.000774,37.7632,61.2658,Baseline
2023,38,1985,0.0008226,37.5907,61.0508,Baseline
2023,39,1984,0.0008672,37.7758,61.2815,Baseline
2023,40,1983,0.0009272,37.5711,61.0263,Baseline
2023,41,1982,0.0009905,37.4077,60.822,Baseline
2023,42,1981,0.0011382,34.8948,57.6131,Baseline
2023,43,1980,0.0011723,35.8614,58.8624,Baseline
2023,44,1979,0.0013956,32.0521,53.8309,Baseline
2023,45,1978,0.0015718,30.0007,51.001,Baseline
2023,46,1977,0.0015674,32.2053,54.0388,Baseline
2023,47,1976,0.0016903,31.819,53.5135,Baseline
2023,48,1975,0.0018102,31.7905,53.4747,Baseline
2023,49,1974,0.0019983,30.8477,52.1796,Baseline
2023,50,1973,0.0021146,31.4673,53.0327,Baseline
2023,51,1972,0.0023735,30.1302,51.182,Baseline
2023,52,1971,0.0024059,32.3454,54.2286,Baseline
2023,53,1970,0.0026838,31.2813,52.7774,Baseline
2023,54,1969,0.0030358,29.6821,50.5539,Baseline
2023,55,1968,0.0031493,31.0362,52.4399,Baseline
2023,56,1967,0.0033483,31.4635,53.0275,Baseline
2023,57,1966,0.0038574,29.0337,49.6378,Baseline
2023,58,1965,0.0040896,29.4759,50.2635,Baseline
2023,59,1964,0.0045788,28.0015,48.1622,Baseline
2023,60,1963,0.0049249,28.0517,48.2344,Baseline
2023,61,1962,0.0051719,29.1311,49.776,Baseline
2023,62,1961,0.0055585,29.5834,50.415,Baseline
2023,63,1960,0.0062436,28.6602,49.1063,Baseline
2023,64,1959,0.0065184,30.4174,51.5827,Baseline
2023,65,1958,0.0069343,31.4386,52.9933,Baseline
2023,66,1957,0.0075287,31.564,53.1652,Baseline
2023,67,1956,0.0082472,31.0737,52.4916,Baseline
2023,68,1955,0.0088662,30.9031,52.2562,Baseline
2023,69,1954,0.0098244,29.4409,50.2141,Baseline
2023,70,1953,0.0112142,26.8058,46.4261,Baseline
2024,20,2004,0.000399,33.1889,70.1774,Baseline
2024,21,2003,0.0004009,34.1469,71.4419,Baseline
2024,22,2002,0.0004121,34.1202,71.4071,Baseline
2024,23,2001,0.0004007,35.1564,72.7353,Baseline
2024,24,2000,0.0004671,32.1778,68.8028,Baseline
2024,25,1999,0.0004343,34.255,71.5823,Baseline
2024,26,1998,0.0004339,34.7195,72.1804,Baseline
2024,27,1997,0.0004296,35.3102,72.9288,Baseline
2024,28,1996,0.0005012,32.1965,68.8285,Baseline
2024,29,1995,0.000488,32.9937,69.9153,Baseline
2024,30,1994,0.0005342,31.1098,67.3056,Baseline
2024,31,1993,0.0004945,33.0516,69.9931,Baseline
2024,32,1992,0.0005693,30.1342,65.8969,Baseline
2024,33,1991,0.0005513,31.3425,67.6359,Baseline
2024,34,1990,0.0006327,28.7906,63.8913,Baseline
2024,35,1989,0.0006545,28.8587,63.9947,Baseline
2024,36,1988,0.000763,26.2193,59.8368,Baseline
2024,37,1987,0.0007685,27.2781,61.5412,Baseline
2024,38,1986,0.0008123,27.2769,61.5392,Baseline
2024,39,1985,0.0008547,27.4658,61.8383,Baseline
2024,40,1984,0.0009119,27.3607,61.6721,Baseline
2024,41,1983,0.0009744,27.2254,61.4575,Baseline
2024,42,1982,0.00113,25.0627,57.9183,Baseline
2024,43,1981,0.0011571,25.9506,59.3964,Baseline
2024,44,1980,0.0013945,22.7301,53.865,Baseline
2024,45,1979,0.0015718,21.1632,51.001,Baseline
2024,46,1978,0.0015632,22.8955,54.1606,Baseline
2024,47,1977,0.0016766,22.7433,53.8886,Baseline
2024,48,1976,0.0017897,22.8058,54.0004,Baseline
2024,49,1975,0.0019837,21.9912,52.5287,Baseline
2024,50,1974,0.0020968,22.487,53.4281,Baseline
2024,51,1973,0.0023647,21.3579,51.3632,Baseline
2024,52,1972,0.0023765,23.2494,54.7888,Baseline
2024,53,1971,0.0026593,22.3654,53.2086,Baseline
2024,54,1970,0.0030218,21.0461,50.7823,Baseline
2024,55,1969,0.0031136,22.2385,52.9788,Baseline
2024,56,1968,0.0033028,22.6191,53.6659,Baseline
2024,57,1967,0.0038381,20.5713,49.8891,Baseline
2024,58,1966,0.0040592,20.9663,50.633,Baseline
2024,59,1965,0.0045702,19.719,48.2586,Baseline
2024,60,1964,0.0048963,19.8623,48.5352,Baseline
2024,61,1963,0.0051255,20.75,50.2265,Baseline
2024,62,1962,0.0054956,21.1497,50.9758,Baseline
2024,63,1961,0.0062032,20.3324,49.4356,Baseline
2024,64,1960,0.0064378,21.8015,52.1816,Baseline
2024,65,1959,0.0068294,22.6406,53.7045,Baseline
2024,66,1958,0.007409,22.7549,53.9094,Baseline
2024,67,1957,0.0081261,22.3548,53.1895,Baseline
2024,68,1956,0.0086861,22.375,53.2259,Baseline
2024,69,1955,0.0096425,21.2355,51.1356,Baseline
2024,70,1954,0.0110629,19.1491,47.1488,Baseline
2025,20,2005,0.0003966,26.2121,70.3558,Baseline
2025,21,2004,0.0004009,26.8975,71.4419,Baseline
2025,22,2003,0.0004121,26.8753,71.4071,Baseline
2025,23,2002,0.0003961,27.9482,73.0488,Baseline
2025,24,2001,0.0004671,25.2642,68.8028,Baseline
2025,25,2000,0.000434,26.999,71.6002,Baseline
2025,26,1999,0.0004288,27.5879,72.5056,Baseline
2025,27,1998,0.0004249,28.0654,73.2236,Baseline
2025,28,1997,0.0005012,25.2796,68.8285,Baseline
2025,29,1996,0.0004854,26.0414,70.0804,Baseline
2025,30,1995,0.000534,24.3902,67.3177,Baseline
2025,31,1994,0.000487,26.2677,70.445,Baseline
2025,32,1993,0.0005628,23.8021,66.289,Baseline
2025,33,1992,0.0005433,24.8487,68.1032,Baseline
2025,34,1991,0.0006256,22.7005,64.2968,Baseline
2025,35,1990,0.0006457,22.7977,64.4761,Baseline
2025,36,1989,0.0007583,20.516,60.0866,Baseline
2025,37,1988,0.0007631,21.3907,61.8147,Baseline
2025,38,1987,0.0008021,21.4973,62.0215,Baseline
2025,39,1986,0.0008424,21.6869,62.387,Baseline
2025,40,1985,0.0008968,21.6454,62.3072,Baseline
2025,41,1984,0.0009586,21.5289,62.0826,Baseline
2025,42,1983,0.0011219,19.6032,58.2213,Baseline
2025,43,1982,0.0011421,20.4349,59.9234,Baseline
2025,44,1981,0.0013935,17.6,53.8992,Baseline
2025,45,1980,0.0015718,16.3344,51.001,Baseline
2025,46,1979,0.0015591,17.7716,54.2821,Baseline
2025,47,1978,0.0016631,17.762,54.2607,Baseline
2025,48,1977,0.0017695,17.8789,54.5202,Baseline
2025,49,1976,0.0019692,17.1462,52.8752,Baseline
2025,50,1975,0.0020792,17.5648,53.8203,Baseline
2025,51,1974,0.0023559,16.567,51.5436,Baseline
2025,52,1973,0.0023474,18.2525,55.3422,Baseline
2025,53,1972,0.002635,17.4826,53.6358,Baseline
2025,54,1971,0.0030078,16.3382,51.0097,Baseline
2025,55,1970,0.0030784,17.4273,53.5115,Baseline
2025,56,1969,0.0032579,17.7777,54.2956,Baseline
2025,57,1968,0.003819,15.9689,50.1391,Baseline
2025,58,1967,0.004029,16.3339,50.9998,Baseline
2025,59,1966,0.0045617,15.227,48.3549,Baseline
2025,60,1965,0.0048678,15.4244,48.8342,Baseline
2025,61,1964,0.0050795,16.1948,50.673,Baseline
2025,62,1963,0.0054335,16.5613,51.5303,Baseline
2025,63,1962,0.0061631,15.8108,49.7627,Baseline
2025,64,1961,0.0063582,17.1014,52.7731,Baseline
2025,65,1960,0.0067261,17.827,54.405,Baseline
2025,66,1959,0.0072913,17.9338,54.6417,Baseline
2025,67,1958,0.0080067,17.5902,53.8771,Baseline
2025,68,1957,0.0085097,17.7239,54.1759,Baseline
2025,69,1956,0.0094641,16.7816,52.0401,Baseline
2025,70,1955,0.0109137,15.0254,47.8618,Baseline
2026,20,2006,0.0003942,21.681,70.533,Baseline
2026,21,2005,0.0004009,22.1702,71.4419,Baseline
2026,22,2004,0.0004121,22.1513,71.4071,Baseline
2026,23,2003,0.0003915,23.2442,73.3587,Baseline
2026,24,2002,0.0004671,20.7821,68.8028,Baseline
2026,25,2001,0.0004337,22.2665,71.6181,Baseline
2026,26,2000,0.0004238,22.9403,72.827,Baseline
2026,27,1999,0.0004203,23.3346,73.5152,Baseline
2026,28,1998,0.0005012,20.7952,68.8285,Baseline
2026,29,1997,0.0004827,21.5283,70.2447,Baseline
2026,30,1996,0.0005338,20.0478,67.3298,Baseline
2026,31,1995,0.0004797,21.8717,70.8901,Baseline
2026,32,1994,0.0005563,19.7307,66.6767,Baseline
2026,33,1993,0.0005355,20.6611,68.5638,Baseline
2026,34,1992,0.0006186,18.7992,64.6977,Baseline
2026,35,1991,0.0006371,18.916,64.9511,Baseline
2026,36,1990,0.0007536,16.8846,60.3349,Baseline
2026,37,1989,0.0007576,17.6318,62.0862,Baseline
2026,38,1988,0.0007921,17.8114,62.4978,Baseline
2026,39,1987,0.0008303,18.0008,62.9279,Baseline
2026,40,1986,0.0008819,18.0025,62.9318,Baseline
2026,41,1985,0.0009431,17.8992,62.6977,Baseline
2026,42,1984,0.0011138,16.1383,58.5221,Baseline
2026,43,1983,0.0011272,16.9302,60.4436,Baseline
2026,44,1982,0.0013925,14.3598,53.9333,Baseline
2026,45,1981,0.0015718,13.2963,51.001,Baseline
2026,46,1980,0.0015549,14.5353,54.4032,Baseline
2026,47,1979,0.0016497,14.6204,54.6298,Baseline
2026,48,1978,0.0017495,14.7731,55.0341,Baseline
2026,49,1977,0.0019548,14.096,53.2193,Baseline
2026,50,1976,0.0020617,14.4626,54.2091,Baseline
2026,51,1975,0.0023472,13.5535,51.7234,Baseline
2026,52,1974,0.0023187,15.0996,55.8888,Baseline
2026,53,1973,0.0026109,14.4067,54.0591,Baseline
2026,54,1972,0.0029939,13.3797,51.2361,Baseline
2026,55,1971,0.0030435,14.3989,54.0382,Baseline
2026,56,1970,0.0032136,14.7286,54.9167,Baseline
2026,57,1969,0.0037999,13.0805,50.3879,Baseline
2026,58,1968,0.0039991,13.4251,51.3639,Baseline
2026,59,1967,0.0045533,12.4121,48.4509,Baseline
2026,60,1966,0.0048396,12.6446,49.1314,Baseline
2026,61,1965,0.0050339,13.3369,51.1155,Baseline
2026,62,1964,0.005372,13.6811,52.0785,Baseline
2026,63,1963,0.0061232,12.9755,50.0878,Baseline
2026,64,1962,0.0062795,14.1468,53.3573,Baseline
2026,65,1961,0.0066243,14.7961,55.0948,Baseline
2026,66,1960,0.0071755,14.898,55.3625,Baseline
2026,67,1959,0.0078891,14.5921,54.5547,Baseline
2026,68,1958,0.0083368,14.8006,55.1066,Baseline
2026,69,1957,0.0092889,13.9892,52.9278,Baseline
2026,70,1956,0.0107665,12.4509,48.5651,Baseline
2027,20,2007,0.0003919,18.5067,70.7093,Baseline
2027,21,2006,0.0004009,18.8501,71.4419,Baseline
2027,22,2005,0.0004121,18.8336,71.4071,Baseline
2027,23,2004,0.000387,19.9388,73.6651,Baseline
2027,24,2003,0.0004671,17.6458,68.8028,Baseline
2027,25,2002,0.0004335,18.9422,71.636,Baseline
2027,26,2001,0.0004189,19.6773,73.1447,Baseline
2027,27,2000,0.0004157,20.0092,73.8036,Baseline
2027,28,1999,0.0005012,17.6571,68.8285,Baseline
2027,29,1998,0.00048,18.3676,70.408,Baseline
2027,30,1997,0.0005336,17.0152,67.3419,Baseline
2027,31,1996,0.0004725,18.7964,71.3285,Baseline
2027,32,1995,0.0005499,16.8962,67.0599,Baseline
2027,33,1994,0.0005278,17.7406,69.0178,Baseline
2027,34,1993,0.0006116,16.0895,65.0942,Baseline
2027,35,1992,0.0006285,16.2204,65.4197,Baseline
2027,36,1991,0.0007489,14.3719,60.5816,Baseline
2027,37,1990,0.0007522,15.0266,62.3557,Baseline
2027,38,1989,0.0007821,15.2585,62.9681,Baseline
2027,39,1988,0.0008183,15.4476,63.461,Baseline
2027,40,1987,0.0008673,15.4804,63.546,Baseline
2027,41,1986,0.0009278,15.3866,63.3027,Baseline
2027,42,1985,0.0011058,13.7459,58.8207,Baseline
2027,43,1984,0.0011126,14.5083,60.9571,Baseline
2027,44,1983,0.0013914,12.1293,53.9674,Baseline
2027,45,1982,0.0015718,11.2099,51.001,Baseline
2027,46,1981,0.0015508,12.3073,54.5241,Baseline
2027,47,1980,0.0016364,12.4596,54.996,Baseline
2027,48,1979,0.0017297,12.6376,55.5423,Baseline
2027,49,1978,0.0019406,12.0004,53.5607,Baseline
2027,50,1977,0.0020443,12.33,54.5947,Baseline
2027,51,1976,0.0023385,11.4843,51.9025,Baseline
2027,52,1975,0.0022903,12.9304,56.4287,Baseline
2027,53,1974,0.0025871,12.2926,54.4785,Baseline
2027,54,1973,0.0029801,11.3495,51.4614,Baseline
2027,55,1972,0.003009,12.3185,54.559,Baseline
2027,56,1971,0.0031699,12.6334,55.5294,Baseline
2027,57,1970,0.003781,11.0999,50.6355,Baseline
2027,58,1969,0.0039694,11.43,51.7253,Baseline
2027,59,1968,0.0045448,10.4837,48.5468,Baseline
2027,60,1967,0.0048114,10.7408,49.427,Baseline
2027,61,1966,0.0049888,11.3777,51.554,Baseline
2027,62,1965,0.0053113,11.7059,52.6205,Baseline
2027,63,1964,0.0060836,11.0325,50.4107,Baseline
2027,64,1963,0.0062018,12.1187,53.9343,Baseline
2027,65,1962,0.0065241,12.7137,55.7742,Baseline
2027,66,1961,0.0070614,12.8119,56.0718,Baseline
2027,67,1960,0.0077732,12.5331,55.2223,Baseline
2027,68,1959,0.0081675,12.7942,56.0184,Baseline
2027,69,1958,0.0091169,12.0758,53.7991,Baseline
2027,70,1957,0.0106212,10.6914,49.259,Baseline
2028,20,2008,0.0003895,16.1609,70.8844,Baseline
2028,21,2007,0.0004009,16.3922,71.4419,Baseline
2028,22,2006,0.0004121,16.3776,71.4071,Baseline
2028,23,2005,0.0003826,17.491,73.968,Baseline
2028,24,2004,0.0004671,15.3298,68.8028,Baseline
2028,25,2003,0.0004332,16.4811,71.6539,Baseline
2028,26,2002,0.000414,17.2623,73.4586,Baseline
2028,27,2001,0.0004112,17.5459,74.0889,Baseline
2028,28,2000,0.0005012,15.3397,68.8285,Baseline
2028,29,1999,0.0004774,16.0324,70.5705,Baseline
2028,30,1998,0.0005334,14.7789,67.354,Baseline
2028,31,1997,0.0004654,16.526,71.7603,Baseline
2028,32,1996,0.0005436,14.8105,67.4388,Baseline
2028,33,1995,0.0005201,15.5889,69.4651,Baseline
2028,34,1994,0.0006048,14.0988,65.4862,Baseline
2028,35,1993,0.0006201,14.2403,65.882,Baseline
2028,36,1992,0.0007442,12.5307,60.8268,Baseline
2028,37,1991,0.0007469,13.1154,62.6234,Baseline
2028,38,1990,0.0007723,13.3866,63.4324,Baseline
2028,39,1989,0.0008066,13.5753,63.9864,Baseline
2028,40,1988,0.0008529,13.6315,64.15,Baseline
2028,41,1987,0.0009127,13.545,63.8979,Baseline
2028,42,1986,0.0010978,11.9953,59.1172,Baseline
2028,43,1985,0.0010982,12.7354,61.4638,Baseline
2028,44,1984,0.0013904,10.5005,54.0014,Baseline
2028,45,1983,0.0015718,9.6889,51.001,Baseline
2028,46,1982,0.0015467,10.6803,54.6446,Baseline
2028,47,1981,0.0016232,10.8828,55.3592,Baseline
2028,48,1980,0.0017102,11.0795,56.0446,Baseline
2028,49,1979,0.0019264,10.4723,53.8998,Baseline
2028,50,1978,0.0020271,10.7742,54.977,Baseline
2028,51,1977,0.0023298,9.976,52.0809,Baseline
2028,52,1976,0.0022622,11.3471,56.962,Baseline
2028,53,1975,0.0025635,10.7507,54.8941,Baseline
2028,54,1974,0.0029663,9.8703,51.6856,Baseline
2028,55,1973,0.0029749,10.8016,55.0738,Baseline
2028,56,1972,0.0031269,11.1053,56.1337,Baseline
2028,57,1971,0.0037621,9.6576,50.8818,Baseline
2028,58,1970,0.0039399,9.9768,52.0839,Baseline
2028,59,1969,0.0045363,9.0804,48.6425,Baseline
2028,60,1968,0.0047835,9.3556,49.7208,Baseline
2028,61,1967,0.004944,9.9512,51.9885,Baseline
2028,62,1966,0.0052512,10.2674,53.1563,Baseline
2028,63,1965,0.0060442,9.6181,50.7315,Baseline
2028,64,1964,0.0061251,10.6409,54.5041,Baseline
2028,65,1963,0.0064254,11.1952,56.4434,Baseline
2028,66,1962,0.0069492,11.2906,56.7698,Baseline
2028,67,1961,0.007659,11.0321,55.8801,Baseline
2028,68,1960,0.0080016,11.3322,56.9116,Baseline
2028,69,1959,0.0089482,10.6831,54.6543,Baseline
2028,70,1958,0.010478,9.413,49.9435,Baseline
2029,20,2009,0.0003872,14.3574,71.0585,Baseline
2029,21,2008,0.0004009,14.5,71.4419,Baseline
2029,22,2007,0.0004121,14.487,71.4071,Baseline
2029,23,2006,0.0003782,15.6062,74.2673,Baseline
2029,24,2005,0.0004671,13.5501,68.8028,Baseline
2029,25,2004,0.0004329,14.5863,71.6717,Baseline
2029,26,2003,0.0004091,15.4035,73.7689,Baseline
2029,27,2002,0.0004067,15.6488,74.3711,Baseline
2029,28,2001,0.0005012,13.559,68.8285,Baseline
2029,29,2000,0.0004748,14.2372,70.7321,Baseline
2029,30,1999,0.0005332,13.0622,67.3661,Baseline
2029,31,1998,0.0004583,14.7815,72.1856,Baseline
2029,32,1997,0.0005374,13.212,67.8132,Baseline
2029,33,1996,0.0005126,13.9383,69.9061,Baseline
2029,34,1995,0.000598,12.5749,65.8738,Baseline
2029,35,1994,0.0006119,12.7245,66.3382,Baseline
2029,36,1993,0.0007396,11.1239,61.0705,Baseline
2029,37,1992,0.0007416,11.6538,62.8891,Baseline
2029,38,1991,0.0007626,11.9556,63.891,Baseline
2029,39,1990,0.000795,12.1439,64.5043,Baseline
2029,40,1989,0.0008388,12.2183,64.7441,Baseline
2029,41,1988,0.0008979,12.1375,64.4835,Baseline
2029,42,1987,0.0010899,10.6591,59.4115,Baseline
2029,43,1986,0.0010839,11.3815,61.964,Baseline
2029,44,1985,0.0013894,9.2591,54.0355,Baseline
2029,45,1984,0.0015718,8.5311,51.001,Baseline
2029,46,1983,0.0015426,9.4404,54.7648,Baseline
2029,47,1982,0.0016101,9.6815,55.7194,Baseline
2029,48,1981,0.0016908,9.8928,56.5413,Baseline
2029,49,1980,0.0019123,9.3088,54.2363,Baseline
2029,50,1979,0.00201,9.5892,55.3561,Baseline
2029,51,1978,0.0023211,8.8279,52.2587,Baseline
2029,52,1977,0.0022346,10.1407,57.4888,Baseline
2029,53,1976,0.0025401,9.5765,55.306,Baseline
2029,54,1975,0.0029526,8.7447,51.9088,Baseline
2029,55,1974,0.0029412,9.6467,55.5828,Baseline
2029,56,1973,0.0030844,9.9417,56.7299,Baseline
2029,57,1972,0.0037433,8.5605,51.1269,Baseline
2029,58,1971,0.0039106,8.8713,52.4399,Baseline
2029,59,1970,0.0045279,8.0134,48.738,Baseline
2029,60,1969,0.0047557,8.3026,50.0129,Baseline
2029,61,1968,0.0048997,8.8663,52.4192,Baseline
2029,62,1967,0.0051918,9.1732,53.6861,Baseline
2029,63,1966,0.0060051,8.5426,51.0503,Baseline
2029,64,1965,0.0060494,9.5162,55.0669,Baseline
2029,65,1964,0.0063282,10.039,57.1024,Baseline
2029,66,1963,0.0068388,10.1322,57.4567,Baseline
2029,67,1962,0.0075465,9.8894,56.5282,Baseline
2029,68,1961,0.0078391,10.2197,57.7867,Baseline
2029,69,1960,0.0087826,9.6241,55.4937,Baseline
2029,70,1959,0.0103366,8.4422,50.6187,Baseline
2030,20,2010,0.0003849,12.9278,71.2316,Baseline
2030,21,2009,0.0004009,12.9988,71.4419,Baseline
2030,22,2008,0.0004121,12.987,71.4071,Baseline
2030,23,2007,0.0003738,14.1105,74.5633,Baseline
2030,24,2006,0.0004671,12.1401,68.8028,Baseline
2030,25,2005,0.0004326,13.0829,71.6896,Baseline
2030,26,2004,0.0004043,13.929,74.0755,Baseline
2030,27,2003,0.0004023,14.1431,74.6502,Baseline
2030,28,2002,0.0005012,12.1482,68.8285,Baseline
2030,29,2001,0.0004722,12.8144,70.8927,Baseline
2030,30,2000,0.000533,11.7031,67.3781,Baseline
2030,31,1999,0.0004514,13.3996,72.6045,Baseline
2030,32,1998,0.0005312,11.948,68.1834,Baseline
2030,33,1997,0.0005052,12.6322,70.3406,Baseline
2030,34,1996,0.0005913,11.371,66.257,Baseline
2030,35,1995,0.0006037,11.5271,66.7882,Baseline
2030,36,1994,0.000735,10.0141,61.3126,Baseline
2030,37,1993,0.0007363,10.5001,63.153,Baseline
2030,38,1992,0.0007531,10.8262,64.3438,Baseline
2030,39,1991,0.0007835,11.0142,65.0147,Baseline
2030,40,1990,0.0008249,11.1032,65.3283,Baseline
2030,41,1989,0.0008834,11.0269,65.0596,Baseline
2030,42,1988,0.0010821,9.6058,59.7038,Baseline
2030,43,1987,0.0010698,10.314,62.4578,Baseline
2030,44,1986,0.0013884,8.2818,54.0695,Baseline
2030,45,1985,0.0015718,7.6203,51.001,Baseline
2030,46,1984,0.0015385,8.4641,54.8846,Baseline
2030,47,1983,0.0015971,8.736,56.0768,Baseline
2030,48,1982,0.0016717,8.9588,57.0324,Baseline
2030,49,1981,0.0018984,8.3934,54.5704,Baseline
2030,50,1980,0.0019931,8.6567,55.732,Baseline
2030,51,1979,0.0023125,7.9249,52.4358,Baseline
2030,52,1978,0.0022072,9.1911,58.0092,Baseline
2030,53,1977,0.0025169,8.6526,55.714,Baseline
2030,54,1976,0.002939,7.8595,52.131,Baseline
2030,55,1975,0.0029079,8.7382,56.0861,Baseline
2030,56,1974,0.0030425,9.0262,57.3179,Baseline
2030,57,1973,0.0037246,7.6981,51.3708,Baseline
2030,58,1972,0.0038815,8.002,52.7933,Baseline
2030,59,1971,0.0045195,7.175,48.8334,Baseline
2030,60,1970,0.0047281,7.4751,50.3034,Baseline
2030,61,1969,0.0048557,8.0135,52.846,Baseline
2030,62,1968,0.0051331,8.313,54.2099,Baseline
2030,63,1967,0.0059663,7.6973,51.367,Baseline
2030,64,1966,0.0059745,8.6317,55.6227,Baseline
2030,65,1965,0.0062324,9.1294,57.7514,Baseline
2030,66,1964,0.0067301,9.2209,58.1327,Baseline
2030,67,1963,0.0074356,8.9905,57.1668,Baseline
2030,68,1962,0.0076799,9.3447,58.6441,Baseline
2030,69,1961,0.00862,8.7917,56.3175,Baseline
2030,70,1960,0.0101972,7.68,51.2849,Baseline
2031,20,2011,0.0003826,11.767,71.4036,Baseline
2031,21,2010,0.0004009,11.7788,71.4419,Baseline
2031,22,2009,0.0004121,11.7681,71.4071,Baseline
2031,23,2008,0.0003695,12.8949,74.8558,Baseline
2031,24,2007,0.0004671,10.9956,68.8028,Baseline
2031,25,2006,0.0004324,11.8612,71.7074,Baseline
2031,26,2005,0.0003996,12.7309,74.3786,Baseline
2031,27,2004,0.0003979,12.9193,74.9263,Baseline
2031,28,2003,0.0005012,11.0029,68.8285,Baseline
2031,29,2002,0.0004696,11.6593,71.0525,Baseline
2031,30,2001,0.0005328,10.6006,67.3902,Baseline
2031,31,2000,0.0004446,12.2779,73.017,Baseline
2031,32,1999,0.0005251,10.9235,68.5492,Baseline
2031,33,1998,0.0004979,11.5731,70.7689,Baseline
2031,34,1997,0.0005846,10.3959,66.6359,Baseline
2031,35,1996,0.0005956,10.5574,67.2323,Baseline
2031,36,1995,0.0007304,9.1163,61.5532,Baseline
2031,37,1994,0.0007311,9.5663,63.415,Baseline
2031,38,1993,0.0007436,9.9123,64.7909,Baseline
2031,39,1992,0.0007723,10.1,65.5178,Baseline
2031,40,1991,0.0008112,10.2009,65.9028,Baseline
2031,41,1990,0.000869,10.1284,65.6263,Baseline
2031,42,1989,0.0010743,8.7543,59.9939,Baseline
2031,43,1988,0.0010559,9.4508,62.9451,Baseline
2031,44,1987,0.0013873,7.4923,54.1035,Baseline
2031,45,1986,0.0015718,6.8852,51.001,Baseline
2031,46,1985,0.0015345,7.6754,55.0042,Baseline
2031,47,1984,0.0015842,7.9725,56.4312,Baseline
2031,48,1983,0.0016528,8.2047,57.5179,Baseline
2031,49,1982,0.0018845,7.6545,54.902,Baseline
2031,50,1981,0.0019763,7.9038,56.1047,Baseline
2031,51,1980,0.002304,7.196,52.6123,Baseline
2031,52,1979,0.0021802,8.4242,58.5231,Baseline
2031,53,1978,0.0024939,7.9066,56.1184,Baseline
2031,54,1977,0.0029254,7.1452,52.3522,Baseline
2031,55,1976,0.0028749,8.0048,56.5836,Baseline
2031,56,1975,0.0030011,8.2871,57.898,Baseline
2031,57,1974,0.003706,7.0022,51.6135,Baseline
2031,58,1973,0.0038527,7.3007,53.1441,Baseline
2031,59,1972,0.0045111,6.4987,48.9286,Baseline
2031,60,1971,0.0047006,6.8078,50.5921,Baseline
2031,61,1970,0.0048122,7.3254,53.269,Baseline
2031,62,1969,0.005075,7.6189,54.7278,Baseline
2031,63,1968,0.0059277,7.0154,51.6817,Baseline
2031,64,1967,0.0059006,7.9178,56.1717,Baseline
2031,65,1966,0.0061381,8.395,58.3906,Baseline
2031,66,1965,0.0066232,8.4851,58.798,Baseline
2031,67,1964,0.0073264,8.2649,57.796,Baseline
2031,68,1963,0.0075239,8.6386,59.484,Baseline
2031,69,1962,0.0084604,8.1203,57.126,Baseline
2031,70,1961,0.0100596,7.0656,51.9421,Baseline
2032,20,2012,0.0003803,10.8057,71.5746,Baseline
2032,21,2011,0.0004009,10.768,71.4419,Baseline
2032,22,2010,0.0004121,10.7581,71.4071,Baseline
2032,23,2009,0.0003653,11.8875,75.1449,Baseline
2032,24,2008,0.0004671,10.0481,68.8028,Baseline
2032,25,2007,0.0004321,10.8488,71.7252,Baseline
2032,26,2006,0.0003949,11.7383,74.6781,Baseline
2032,27,2005,0.0003936,11.905,75.1993,Baseline
2032,28,2004,0.0005012,10.0548,68.8285,Baseline
2032,29,2003,0.000467,10.7027,71.2115,Baseline
2032,30,2002,0.0005326,9.6882,67.4023,Baseline
2032,31,2001,0.000438,11.3494,73.4234,Baseline
2032,32,2000,0.000519,10.0765,68.9109,Baseline
2032,33,1999,0.0004907,10.697,71.191,Baseline
2032,34,1998,0.0005781,9.5901,67.0106,Baseline
2032,35,1997,0.0005876,9.756,67.6704,Baseline
2032,36,1996,0.0007259,8.3751,61.7924,Baseline
2032,37,1995,0.0007259,8.795,63.6751,Baseline
2032,38,1994,0.0007343,9.1576,65.2325,Baseline
2032,39,1993,0.0007612,9.3451,66.0137,Baseline
2032,40,1992,0.0007978,9.4559,66.4678,Baseline
2032,41,1991,0.0008549,9.3865,66.1839,Baseline
2032,42,1990,0.0010666,8.0516,60.282,Baseline
2032,43,1989,0.0010422,8.7383,63.426,Baseline
2032,44,1988,0.0013863,6.8413,54.1374,Baseline
2032,45,1987,0.0015718,6.2794,51.001,Baseline
2032,46,1986,0.0015304,7.0252,55.1234,Baseline
2032,47,1985,0.0015714,7.3431,56.7828,Baseline
2032,48,1984,0.0016342,7.583,57.998,Baseline
2032,49,1983,0.0018708,7.0455,55.2312,Baseline
2032,50,1982,0.0019597,7.2831,56.4743,Baseline
2032,51,1981,0.0022954,6.5954,52.7881,Baseline
2032,52,1980,0.0021535,7.7919,59.0308,Baseline
2032,53,1979,0.0024711,7.2918,56.519,Baseline
2032,54,1978,0.0029119,6.5567,52.5723,Baseline
2032,55,1977,0.0028424,7.4003,57.0755,Baseline
2032,56,1976,0.0029603,7.6779,58.4701,Baseline
2032,57,1975,0.0036876,6.429,51.8549,Baseline
2032,58,1974,0.0038241,6.7229,53.4922,Baseline
2032,59,1973,0.0045027,5.9417,49.0235,Baseline
2032,60,1972,0.0046733,6.2582,50.8792,Baseline
2032,61,1971,0.004769,6.7587,53.6881,Baseline
2032,62,1970,0.0050176,7.0471,55.2398,Baseline
2032,63,1969,0.0058893,6.4537,51.9943,Baseline
2032,64,1968,0.0058276,7.3296,56.7138,Baseline
2032,65,1967,0.0060453,7.7898,59.0202,Baseline
2032,66,1966,0.006518,7.8787,59.4527,Baseline
2032,67,1965,0.0072188,7.667,58.416,Baseline
2032,68,1964,0.0073711,8.0568,60.3069,Baseline
2032,69,1963,0.0083038,7.5674,57.9196,Baseline
2032,70,1962,0.0099239,6.5599,52.5904,Baseline
2033,20,2013,0.000378,9.9967,71.7446,Baseline
2033,21,2012,0.0004009,9.9167,71.4419,Baseline
2033,22,2011,0.0004121,9.9076,71.4071,Baseline
2033,23,2010,0.0003611,11.0391,75.4308,Baseline
2033,24,2009,0.0004671,9.2508,68.8028,Baseline
2033,25,2008,0.0004318,9.9963,71.743,Baseline
2033,26,2007,0.0003903,10.9024,74.9741,Baseline
2033,27,2006,0.0003893,11.0507,75.4694,Baseline
2033,28,2005,0.0005012,9.257,68.8285,Baseline
2033,29,2004,0.0004645,9.8977,71.3695,Baseline
2033,30,2003,0.0005324,8.9209,67.4143,Baseline
2033,31,2002,0.0004314,10.5681,73.8236,Baseline
2033,32,2001,0.0005131,9.3644,69.2685,Baseline
2033,33,2000,0.0004837,9.9603,71.607,Baseline
2033,34,1999,0.0005716,8.9131,67.3811,Baseline
2033,35,1998,0.0005798,9.0828,68.1026,Baseline
2033,36,1997,0.0007214,7.7528,62.03,Baseline
2033,37,1996,0.0007207,8.1473,63.9334,Baseline
2033,38,1995,0.0007251,8.5239,65.6684,Baseline
2033,39,1994,0.0007502,8.7111,66.5024,Baseline
2033,40,1993,0.0007846,8.8303,67.0234,Baseline
2033,41,1992,0.0008411,8.7635,66.7324,Baseline
2033,42,1991,0.0010589,7.4619,60.5679,Baseline
2033,43,1990,0.0010287,8.1403,63.9008,Baseline
2033,44,1989,0.0013853,6.2953,54.1714,Baseline
2033,45,1988,0.0015718,5.7715,51.001,Baseline
2033,46,1987,0.0015263,6.4798,55.2424,Baseline
2033,47,1986,0.0015587,6.8153,57.1316,Baseline
2033,48,1985,0.0016157,7.0617,58.4726,Baseline
2033,49,1984,0.0018571,6.5349,55.558,Baseline
2033,50,1983,0.0019432,6.7627,56.8408,Baseline
2033,51,1982,0.0022869,6.0919,52.9633,Baseline
2033,52,1981,0.0021271,7.2617,59.5323,Baseline
2033,53,1980,0.0024486,6.7763,56.916,Baseline
2033,54,1979,0.0028984,6.0633,52.7914,Baseline
2033,55,1978,0.0028102,6.8936,57.5619,Baseline
2033,56,1977,0.0029201,7.1672,59.0345,Baseline
2033,57,1976,0.0036692,5.9487,52.0952,Baseline
2033,58,1975,0.0037957,6.2386,53.8378,Baseline
2033,59,1974,0.0044943,5.475,49.1184,Baseline
2033,60,1973,0.0046461,5.7978,51.1646,Baseline
2033,61,1972,0.0047262,6.2837,54.1035,Baseline
2033,62,1971,0.0049609,6.5679,55.7461,Baseline
2033,63,1970,0.0058512,5.983,52.3049,Baseline
2033,64,1969,0.0057555,6.8366,57.2493,Baseline
2033,65,1968,0.0059538,7.2824,59.6402,Baseline
2033,66,1967,0.0064144,7.3703,60.097,Baseline
2033,67,1966,0.0071127,7.1657,59.0269,Baseline
2033,68,1965,0.0072214,7.5691,61.1131,Baseline
2033,69,1964,0.0081501,7.104,58.6986,Baseline
2033,70,1963,0.00979,6.1364,53.2299,Baseline
2034,20,2014,0.0003758,9.3064,71.9136,Baseline
2034,21,2013,0.0004009,9.1901,71.4419,Baseline
2034,22,2012,0.0004121,9.1816,71.4071,Baseline
2034,23,2011,0.0003569,10.3148,75.7133,Baseline
2034,24,2010,0.0004671,8.5706,68.8028,Baseline
2034,25,2009,0.0004315,9.2686,71.7608,Baseline
2034,26,2008,0.0003858,10.189,75.2666,Baseline
2034,27,2007,0.000385,10.3214,75.7365,Baseline
2034,28,2006,0.0005012,8.5764,68.8285,Baseline
2034,29,2005,0.0004619,9.2109,71.5267,Baseline
2034,30,2004,0.0005322,8.2665,67.4264,Baseline
2034,31,2003,0.0004249,9.9017,74.2179,Baseline
2034,32,2002,0.0005072,8.7575,69.6219,Baseline
2034,33,2001,0.0004767,9.3321,72.017,Baseline
2034,34,2000,0.0005651,8.3363,67.7474,Baseline
2034,35,1999,0.000572,8.5092,68.5291,Baseline
2034,36,1998,0.0007169,7.2229,62.2662,Baseline
2034,37,1997,0.0007156,7.5956,64.1898,Baseline
2034,38,1996,0.000716,7.9842,66.099,Baseline
2034,39,1995,0.0007394,8.1712,66.9841,Baseline
2034,40,1994,0.0007716,8.2976,67.5698,Baseline
2034,41,1993,0.0008274,8.2331,67.272,Baseline
2034,42,1992,0.0010513,6.9599,60.8518,Baseline
2034,43,1991,0.0010154,7.6313,64.3693,Baseline
2034,44,1990,0.0013843,5.8308,54.2053,Baseline
2034,45,1989,0.0015718,5.3396,51.001,Baseline
2034,46,1988,0.0015223,6.0158,55.361,Baseline
2034,47,1987,0.0015461,6.3663,57.4775,Baseline
2034,48,1986,0.0015974,6.6184,58.9419,Baseline
2034,49,1985,0.0018435,6.1007,55.8825,Baseline
2034,50,1984,0.0019268,6.3201,57.2042,Baseline
2034,51,1983,0.0022784,5.6637,53.1378,Baseline
2034,52,1982,0.0021011,6.8107,60.0276,Baseline
2034,53,1981,0.0024262,6.3379,57.3093,Baseline
2034,54,1980,0.002885,5.6439,53.0095,Baseline
2034,55,1979,0.0027783,6.4626,58.0427,Baseline
2034,56,1978,0.0028804,6.7328,59.5912,Baseline
2034,57,1977,0.0036508,5.5403,52.3342,Baseline
2034,58,1976,0.0037675,5.8269,54.1807,Baseline
2034,59,1975,0.0044859,5.0783,49.213,Baseline
2034,60,1974,0.0046191,5.4064,51.4483,Baseline
2034,61,1973,0.0046838,5.88,54.5152,Baseline
2034,62,1972,0.0049048,6.1605,56.2466,Baseline
2034,63,1971,0.0058134,5.583,52.6135,Baseline
2034,64,1970,0.0056843,6.4174,57.7781,Baseline
2034,65,1969,0.0058637,6.8508,60.2509,Baseline
2034,66,1968,0.0063125,6.9379,60.7311,Baseline
2034,67,1967,0.0070082,6.7395,59.6287,Baseline
2034,68,1966,0.0070747,7.1545,61.9029,Baseline
2034,69,1965,0.0079993,6.7101,59.463,Baseline
2034,70,1964,0.009658,5.7765,53.8608,Baseline
2035,20,2015,0.0003735,8.7105,72.0815,Baseline
2035,21,2014,0.0004009,8.5627,71.4419,Baseline
2035,22,2013,0.0004121,8.5547,71.4071,Baseline
2035,23,2012,0.0003528,9.6894,75.9926,Baseline
2035,24,2011,0.0004671,7.9836,68.8028,Baseline
2035,25,2010,0.0004313,8.6401,71.7786,Baseline
2035,26,2009,0.0003813,9.573,75.5558,Baseline
2035,27,2008,0.0003809,9.6915,76.0008,Baseline
2035,28,2007,0.0005012,7.989,68.8285,Baseline
2035,29,2006,0.0004594,8.618,71.683,Baseline
2035,30,2005,0.000532,7.7018,67.4384,Baseline
2035,31,2004,0.0004185,9.3265,74.6061,Baseline
2035,32,2003,0.0005013,8.2341,69.9712,Baseline
2035,33,2002,0.0004698,8.7903,72.4211,Baseline
2035,34,2001,0.0005588,7.839,68.1096,Baseline
2035,35,2000,0.0005644,8.0146,68.9499,Baseline
2035,36,1999,0.0007124,6.7663,62.5009,Baseline
2035,37,1998,0.0007105,7.12,64.4444,Baseline
2035,38,1997,0.000707,7.519,66.5241,Baseline
2035,39,1996,0.0007288,7.7059,67.4589,Baseline
2035,40,1995,0.0007588,7.8385,68.1072,Baseline
2035,41,1994,0.000814,7.776,67.8028,Baseline
2035,42,1993,0.0010437,6.5275,61.1337,Baseline
2035,43,1992,0.0010022,7.1927,64.8318,Baseline
2035,44,1991,0.0013832,5.4308,54.2392,Baseline
2035,45,1990,0.0015718,4.9679,51.001,Baseline
2035,46,1989,0.0015183,5.6162,55.4793,Baseline
2035,47,1988,0.0015337,5.9798,57.8207,Baseline
2035,48,1987,0.0015794,6.2366,59.4058,Baseline
2035,49,1986,0.0018301,5.7269,56.2045,Baseline
2035,50,1985,0.0019106,5.9391,57.5645,Baseline
2035,51,1984,0.00227,5.2952,53.3116,Baseline
2035,52,1983,0.0020754,6.4223,60.5169,Baseline
2035,53,1982,0.0024041,5.9604,57.6991,Baseline
2035,54,1981,0.0028717,5.2829,53.2266,Baseline
2035,55,1980,0.0027468,6.0916,58.5181,Baseline
2035,56,1979,0.0028413,6.3589,60.1404,Baseline
2035,57,1978,0.0036326,5.1888,52.5721,Baseline
2035,58,1977,0.0037395,5.4726,54.5212,Baseline
2035,59,1976,0.0044776,4.7369,49.3075,Baseline
2035,60,1975,0.0045923,5.0696,51.7304,Baseline
2035,61,1974,0.0046418,5.5325,54.9232,Baseline
2035,62,1973,0.0048493,5.8099,56.7414,Baseline
2035,63,1972,0.0057757,5.2387,52.9201,Baseline
2035,64,1971,0.005614,6.0565,58.3004,Baseline
2035,65,1970,0.005775,6.4793,60.8523,Baseline
2035,66,1969,0.0062122,6.5656,61.355,Baseline
2035,67,1968,0.0069053,6.3725,60.2218,Baseline
2035,68,1967,0.0069311,6.7976,62.6766,Baseline
2035,69,1966,0.0078512,6.3711,60.2134,Baseline
2035,70,1965,0.0095277,5.467,54.4833,Baseline
2036,20,2016,0.0003713,8.1909,72.2485,Baseline
2036,21,2015,0.0004009,8.0154,71.4419,Baseline
2036,22,2014,0.0004121,8.0079,71.4071,Baseline
2036,23,2013,0.0003488,9.1438,76.2687,Baseline
2036,24,2012,0.0004671,7.4717,68.8028,Baseline
2036,25,2011,0.000431,8.0919,71.7964,Baseline
2036,26,2010,0.0003768,9.0356,75.8415,Baseline
2036,27,2009,0.0003767,9.1421,76.2621,Baseline
2036,28,2008,0.0005012,7.4768,68.8285,Baseline
2036,29,2007,0.0004568,8.1011,71.8385,Baseline
2036,30,2006,0.0005318,7.2096,67.4505,Baseline
2036,31,2005,0.0004122,8.825,74.9886,Baseline
2036,32,2004,0.0004956,7.7781,70.3165,Baseline
2036,33,2003,0.000463,8.318,72.8193,Baseline
2036,34,2002,0.0005525,7.4058,68.4677,Baseline
2036,35,2001,0.0005568,7.5839,69.365,Baseline
2036,36,2000,0.000708,6.3688,62.7342,Baseline
2036,37,1999,0.0007055,6.706,64.6972,Baseline
2036,38,1998,0.0006982,7.114,66.9439,Baseline
2036,39,1997,0.0007183,7.3008,67.9268,Baseline
2036,40,1996,0.0007462,7.4388,68.6356,Baseline
2036,41,1995,0.0008008,7.3779,68.325,Baseline
2036,42,1994,0.0010362,6.1511,61.4135,Baseline
2036,43,1993,0.0009892,6.8109,65.2883,Baseline
2036,44,1992,0.0013822,5.0828,54.273,Baseline
2036,45,1991,0.0015718,4.6445,51.001,Baseline
2036,46,1990,0.0015142,5.2686,55.5972,Baseline
2036,47,1989,0.0015213,5.6435,58.1611,Baseline
2036,48,1988,0.0015615,5.9046,59.8645,Baseline
2036,49,1987,0.0018167,5.4017,56.5242,Baseline
2036,50,1986,0.0018945,5.6076,57.9218,Baseline
2036,51,1985,0.0022615,4.9746,53.4848,Baseline
2036,52,1984,0.00205,6.0844,61.0001,Baseline
2036,53,1983,0.0023821,5.6321,58.0853,Baseline
2036,54,1982,0.0028584,4.9689,53.4427,Baseline
2036,55,1981,0.0027157,5.769,58.9881,Baseline
2036,56,1980,0.0028026,6.0336,60.6821,Baseline
2036,57,1979,0.0036145,4.8832,52.8087,Baseline
2036,58,1978,0.0037117,5.1644,54.8591,Baseline
2036,59,1977,0.0044693,4.4401,49.4018,Baseline
2036,60,1976,0.0045656,4.7768,52.0108,Baseline
2036,61,1975,0.0046002,5.2303,55.3276,Baseline
2036,62,1974,0.0047945,5.505,57.2307,Baseline
2036,63,1973,0.0057384,4.9393,53.2247,Baseline
2036,64,1972,0.0055446,5.7427,58.8162,Baseline
2036,65,1971,0.0056876,6.1562,61.4446,Baseline
2036,66,1970,0.0061134,6.2418,61.9691,Baseline
2036,67,1969,0.0068038,6.0534,60.8061,Baseline
2036,68,1968,0.0067903,6.4871,63.4347,Baseline
2036,69,1967,0.0077059,6.0764,60.9498,Baseline
2036,70,1966,0.0093992,5.1979,55.0973,Baseline
2037,20,2017,0.0003691,7.7338,72.4145,Baseline
2037,21,2016,0.0004009,7.5338,71.4419,Baseline
2037,22,2015,0.0004121,7.5268,71.4071,Baseline
2037,23,2014,0.0003448,8.6637,76.5416,Baseline
2037,24,2013,0.0004671,7.0216,68.8028,Baseline
2037,25,2012,0.0004307,7.6096,71.8142,Baseline
2037,26,2011,0.0003724,8.5629,76.1239,Baseline
2037,27,2010,0.0003726,8.6585,76.5206,Baseline
2037,28,2009,0.0005012,7.0264,68.8285,Baseline
2037,29,2008,0.0004543,7.6463,71.9931,Baseline
2037,30,2007,0.0005316,6.7768,67.4625,Baseline
2037,31,2006,0.000406,8.3839,75.3652,Baseline
2037,32,2005,0.0004899,7.3771,70.6579,Baseline
2037,33,2004,0.0004563,7.9028,73.2118,Baseline
2037,34,2003,0.0005463,7.0251,68.8218,Baseline
2037,35,2002,0.0005494,7.2053,69.7746,Baseline
2037,36,2001,0.0007036,6.0195,62.9659,Baseline
2037,37,2000,0.0007004,6.3421,64.9482,Baseline
2037,38,1999,0.0006894,6.7582,67.3584,Baseline
2037,39,1998,0.000708,6.9448,68.388,Baseline
2037,40,1997,0.0007338,7.0876,69.1553,Baseline
2037,41,1996,0.0007878,7.0283,68.8388,Baseline
2037,42,1995,0.0010287,5.8206,61.6914,Baseline
2037,43,1994,0.0009763,6.4756,65.7389,Baseline
2037,44,1993,0.0013812,4.7773,54.3069,Baseline
2037,45,1992,0.0015718,4.3606,51.001,Baseline
2037,46,1991,0.0015102,4.9634,55.7149,Baseline
2037,47,1990,0.001509,5.3482,58.4987,Baseline
2037,48,1989,0.0015439,5.613,60.3181,Baseline
2037,49,1988,0.0018035,5.1163,56.8416,Baseline
2037,50,1987,0.0018786,5.3166,58.2761,Baseline
2037,51,1986,0.0022531,4.6932,53.6574,Baseline
2037,52,1985,0.0020249,5.7878,61.4775,Baseline
2037,53,1984,0.0023604,5.3438,58.468,Baseline
2037,54,1983,0.0028452,4.6933,53.6578,Baseline
2037,55,1982,0.002685,5.4857,59.4527,Baseline
2037,56,1981,0.0027646,5.748,61.2164,Baseline
2037,57,1980,0.0035965,4.6149,53.0442,Baseline
2037,58,1979,0.0036841,4.8939,55.1945,Baseline
2037,59,1978,0.004461,4.1796,49.4959,Baseline
2037,60,1977,0.0045391,4.5198,52.2896,Baseline
2037,61,1976,0.0045589,4.9651,55.7283,Baseline
2037,62,1975,0.0047402,5.2374,57.7144,Baseline
2037,63,1974,0.0057013,4.6765,53.5273,Baseline
2037,64,1973,0.005476,5.4672,59.3257,Baseline
2037,65,1972,0.0056016,5.8725,62.0279,Baseline
2037,66,1971,0.0060163,5.9576,62.5734,Baseline
2037,67,1970,0.0067039,5.7732,61.3819,Baseline
2037,68,1969,0.0066524,6.2147,64.1773,Baseline
2037,69,1968,0.0075632,5.8177,61.6727,Baseline
2037,70,1967,0.0092724,4.9618,55.703,Baseline
2038,20,2018,0.0003668,7.3286,72.5794,Baseline
2038,21,2017,0.0004009,7.1068,71.4419,Baseline
2038,22,2016,0.0004121,7.1001,71.4071,Baseline
2038,23,2015,0.0003408,8.2379,76.8114,Baseline
2038,24,2014,0.0004671,6.6225,68.8028,Baseline
2038,25,2013,0.0004305,7.1819,71.8319,Baseline
2038,26,2012,0.000368,8.1437,76.4031,Baseline
2038,27,2011,0.0003685,8.2298,76.7763,Baseline
2038,28,2010,0.0005012,6.6271,68.8285,Baseline
2038,29,2009,0.0004518,7.2432,72.1468,Baseline
2038,30,2008,0.0005314,6.3932,67.4746,Baseline
2038,31,2007,0.0003998,7.993,75.7362,Baseline
2038,32,2006,0.0004842,7.0219,70.9953,Baseline
2038,33,2005,0.0004497,7.5349,73.5986,Baseline
2038,34,2004,0.0005402,6.6879,69.172,Baseline
2038,35,2003,0.000542,6.87,70.1787,Baseline
2038,36,2002,0.0006992,5.7103,63.1963,Baseline
2038,37,2001,0.0006955,6.0199,65.1974,Baseline
2038,38,2000,0.0006808,6.4431,67.7677,Baseline
2038,39,1999,0.0006978,6.6295,68.8426,Baseline
2038,40,1998,0.0007217,6.7766,69.6664,Baseline
2038,41,1997,0.000775,6.7186,69.3442,Baseline
2038,42,1996,0.0010213,5.5279,61.9672,Baseline
2038,43,1995,0.0009637,6.1787,66.1836,Baseline
2038,44,1994,0.0013802,4.5068,54.3407,Baseline
2038,45,1993,0.0015718,4.1095,51.001,Baseline
2038,46,1992,0.0015062,4.6932,55.8323,Baseline
2038,47,1991,0.0014968,5.0869,58.8336,Baseline
2038,48,1990,0.0015265,5.355,60.7665,Baseline
2038,49,1989,0.0017903,4.8637,57.1566,Baseline
2038,50,1988,0.0018627,5.059,58.6274,Baseline
2038,51,1987,0.0022448,4.4442,53.8293,Baseline
2038,52,1986,0.0020001,5.5253,61.949,Baseline
2038,53,1985,0.0023388,5.0888,58.8472,Baseline
2038,54,1984,0.0028321,4.4494,53.8719,Baseline
2038,55,1983,0.0026545,5.235,59.9121,Baseline
2038,56,1982,0.002727,5.4953,61.7435,Baseline
2038,57,1981,0.0035785,4.3776,53.2785,Baseline
2038,58,1980,0.0036567,4.6546,55.5274,Baseline
2038,59,1979,0.0044527,3.9492,49.5898,Baseline
2038,60,1978,0.0045127,4.2925,52.5668,Baseline
2038,61,1977,0.004518,4.7305,56.1254,Baseline
2038,62,1976,0.0046866,5.0006,58.1927,Baseline
2038,63,1975,0.0056644,4.4441,53.828,Baseline
2038,64,1974,0.0054083,5.2235,59.8288,Baseline
2038,65,1973,0.0055168,5.6215,62.6024,Baseline
2038,66,1972,0.0059207,5.7061,63.1681,Baseline
2038,67,1971,0.0066054,5.5253,61.9492,Baseline
2038,68,1970,0.0065173,5.9736,64.9049,Baseline
2038,69,1969,0.0074232,5.5889,62.3821,Baseline
2038,70,1968,0.0091473,4.753,56.3006,Baseline
2039,20,2019,0.0003647,6.9669,72.7434,Baseline
2039,21,2018,0.0004009,6.7255,71.4419,Baseline
2039,22,2017,0.0004121,6.7192,71.4071,Baseline
2039,23,2016,0.0003369,7.8578,77.078,Baseline
2039,24,2015,0.0004671,6.2664,68.8028,Baseline
2039,25,2014,0.0004302,6.8,71.8497,Baseline
2039,26,2013,0.0003637,7.7694,76.6789,Baseline
2039,27,2012,0.0003645,7.8469,77.0292,Baseline
2039,28,2011,0.0005012,6.2707,68.8285,Baseline
2039,29,2010,0.0004494,6.8835,72.2998,Baseline
2039,30,2009,0.0005312,6.051,67.4866,Baseline
2039,31,2008,0.0003938,7.6441,76.1017,Baseline
2039,32,2007,0.0004787,6.7051,71.3289,Baseline
2039,33,2006,0.0004432,7.2066,73.9799,Baseline
2039,34,2005,0.0005341,6.3871,69.5182,Baseline
2039,35,2004,0.0005348,6.5709,70.5774,Baseline
2039,36,2003,0.0006949,5.4346,63.4252,Baseline
2039,37,2002,0.0006905,5.7325,65.4449,Baseline
2039,38,2001,0.0006722,6.1621,68.1719,Baseline
2039,39,2000,0.0006878,6.3484,69.2906,Baseline
2039,40,1999,0.0007097,6.4993,70.1691,Baseline
2039,41,1998,0.0007625,6.4426,69.8415,Baseline
2039,42,1997,0.001014,5.267,62.241,Baseline
2039,43,1996,0.0009512,5.914,66.6225,Baseline
2039,44,1995,0.0013791,4.2658,54.3745,Baseline
2039,45,1994,0.0015718,3.8857,51.001,Baseline
2039,46,1993,0.0015022,4.4524,55.9493,Baseline
2039,47,1992,0.0014848,4.8541,59.1658,Baseline
2039,48,1991,0.0015092,5.1251,61.2098,Baseline
2039,49,1990,0.0017772,4.6387,57.4694,Baseline
2039,50,1989,0.0018471,4.8295,58.9758,Baseline
2039,51,1988,0.0022365,4.2224,54.0006,Baseline
2039,52,1987,0.0019756,5.2913,62.4147,Baseline
2039,53,1986,0.0023175,4.8615,59.2229,Baseline
2039,54,1985,0.002819,4.2322,54.085,Baseline
2039,55,1984,0.0026245,5.0117,60.3663,Baseline
2039,56,1983,0.0026899,5.2702,62.2634,Baseline
2039,57,1982,0.0035607,4.1661,53.5117,Baseline
2039,58,1981,0.0036296,4.4414,55.8578,Baseline
2039,59,1980,0.0044444,3.7439,49.6836,Baseline
2039,60,1979,0.0044865,4.09,52.8424,Baseline
2039,61,1978,0.0044775,4.5215,56.519,Baseline
2039,62,1977,0.0046336,4.7897,58.6655,Baseline
2039,63,1976,0.0056277,4.237,54.1267,Baseline
2039,64,1975,0.0053414,5.0063,60.3257,Baseline
2039,65,1974,0.0054334,5.3978,63.1683,Baseline
2039,66,1973,0.0058266,5.4819,63.7534,Baseline
2039,67,1972,0.0065084,5.3044,62.5082,Baseline
2039,68,1971,0.0063849,5.7588,65.6176,Baseline
2039,69,1970,0.0072858,5.385,63.0784,Baseline
2039,70,1969,0.0090239,4.567,56.8901,Baseline
2040,20,2020,0.0003625,6.6421,72.9064,Baseline
2040,21,2019,0.0004009,6.3831,71.4419,Baseline
2040,22,2018,0.0004121,6.3771,71.4071,Baseline
2040,23,2017,0.000333,7.5164,77.3416,Baseline
2040,24,2016,0.0004671,5.9466,68.8028,Baseline
2040,25,2015,0.0004299,6.4571,71.8674,Baseline
2040,26,2014,0.0003595,7.4333,76.9515,Baseline
2040,27,2013,0.0003606,7.5031,77.2794,Baseline
2040,28,2012,0.0005012,5.9507,68.8285,Baseline
2040,29,2011,0.0004469,6.5604,72.4518,Baseline
2040,30,2010,0.000531,5.7437,67.4986,Baseline
2040,31,2009,0.0003879,7.3307,76.4616,Baseline
2040,32,2008,0.0004732,6.4206,71.6586,Baseline
2040,33,2007,0.0004368,6.9119,74.3556,Baseline
2040,34,2006,0.0005281,6.1172,69.8605,Baseline
2040,35,2005,0.0005276,6.3025,70.9708,Baseline
2040,36,2004,0.0006905,5.1872,63.6527,Baseline
2040,37,2003,0.0006856,5.4747,65.6906,Baseline
2040,38,2002,0.0006638,5.91,68.571,Baseline
2040,39,2001,0.0006779,6.0962,69.7322,Baseline
2040,40,2000,0.000698,6.2505,70.6634,Baseline
2040,41,1999,0.0007501,6.1948,70.3307,Baseline
2040,42,1998,0.0010067,5.033,62.5129,Baseline
2040,43,1997,0.0009388,5.6765,67.0557,Baseline
2040,44,1996,0.0013781,4.0496,54.4082,Baseline
2040,45,1995,0.0015718,3.685,51.001,Baseline
2040,46,1994,0.0014982,4.2365,56.066,Baseline
2040,47,1993,0.0014728,4.6452,59.4954,Baseline
2040,48,1992,0.0014922,4.9189,61.6481,Baseline
2040,49,1991,0.0017643,4.4368,57.7799,Baseline
2040,50,1990,0.0018315,4.6237,59.3212,Baseline
2040,51,1989,0.0022282,4.0234,54.1713,Baseline
2040,52,1988,0.0019514,5.0815,62.8748,Baseline
2040,53,1987,0.0022963,4.6576,59.5952,Baseline
2040,54,1986,0.002806,4.0373,54.2971,Baseline
2040,55,1985,0.0025947,4.8114,60.8154,Baseline
2040,56,1984,0.0026534,5.0682,62.7762,Baseline
2040,57,1983,0.0035429,3.9765,53.7436,Baseline
2040,58,1982,0.0036026,4.2503,56.1858,Baseline
2040,59,1981,0.0044361,3.5598,49.7772,Baseline
2040,60,1980,0.0044604,3.9084,53.1164,Baseline
2040,61,1979,0.0044373,4.3341,56.909,Baseline
2040,62,1978,0.0045812,4.6005,59.133,Baseline
2040,63,1977,0.0055913,4.0513,54.4235,Baseline
2040,64,1976,0.0052753,4.8115,60.8165,Baseline
2040,65,1975,0.0053512,5.1972,63.7255,Baseline
2040,66,1974,0.005734,5.2809,64.3293,Baseline
2040,67,1973,0.0064128,5.1063,63.0589,Baseline
2040,68,1972,0.0062552,5.5662,66.316,Baseline
2040,69,1971,0.007151,5.2022,63.7618,Baseline
2040,70,1970,0.0089021,4.4002,57.4716,Baseline
2041,20,2021,0.0003603,6.3489,73.0684,Baseline
2041,21,2020,0.0004009,6.0739,71.4419,Baseline
2041,22,2019,0.0004121,6.0682,71.4071,Baseline
2041,23,2018,0.0003292,7.2081,77.6022,Baseline
2041,24,2017,0.0004671,5.6578,68.8028,Baseline
2041,25,2016,0.0004296,6.1473,71.8851,Baseline
2041,26,2015,0.0003553,7.1297,77.221,Baseline
2041,27,2014,0.0003566,7.1925,77.5268,Baseline
2041,28,2013,0.0005012,5.6617,68.8285,Baseline
2041,29,2012,0.0004444,6.2686,72.6031,Baseline
2041,30,2011,0.0005308,5.4662,67.5107,Baseline
2041,31,2010,0.000382,7.0479,76.8161,Baseline
2041,32,2009,0.0004677,6.1639,71.9845,Baseline
2041,33,2008,0.0004305,6.6458,74.7259,Baseline
2041,34,2007,0.0005222,5.8736,70.1989,Baseline
2041,35,2006,0.0005206,6.0602,71.3589,Baseline
2041,36,2005,0.0006862,4.964,63.8788,Baseline
2041,37,2004,0.0006807,5.242,65.9345,Baseline
2041,38,2003,0.0006555,5.6825,68.9652,Baseline
2041,39,2002,0.0006681,5.8686,70.1675,Baseline
2041,40,2001,0.0006864,6.026,71.1495,Baseline
2041,41,2000,0.0007379,5.9713,70.8119,Baseline
2041,42,1999,0.0009994,4.8219,62.7828,Baseline
2041,43,1998,0.0009266,5.4622,67.4834,Baseline
2041,44,1997,0.0013771,3.8547,54.442,Baseline
2041,45,1996,0.0015718,3.504,51.001,Baseline
2041,46,1995,0.0014943,4.0417,56.1825,Baseline
2041,47,1994,0.0014609,4.4569,59.8222,Baseline
2041,48,1993,0.0014753,4.733,62.0815,Baseline
2041,49,1992,0.0017514,4.2548,58.0881,Baseline
2041,50,1991,0.0018161,4.4381,59.6637,Baseline
2041,51,1990,0.0022199,3.844,54.3413,Baseline
2041,52,1989,0.0019276,4.8922,63.3292,Baseline
2041,53,1988,0.0022753,4.4738,59.9641,Baseline
2041,54,1987,0.002793,3.8617,54.5083,Baseline
2041,55,1986,0.0025653,4.6308,61.2593,Baseline
2041,56,1985,0.0026173,4.8861,63.2821,Baseline
2041,57,1984,0.0035252,3.8056,53.9745,Baseline
2041,58,1983,0.0035758,4.0779,56.5113,Baseline
2041,59,1982,0.0044279,3.3939,49.8706,Baseline
2041,60,1981,0.0044345,3.7447,53.3888,Baseline
2041,61,1980,0.0043975,4.1651,57.2955,Baseline
2041,62,1979,0.0045294,4.43,59.5952,Baseline
2041,63,1978,0.0055551,3.8839,54.7184,Baseline
2041,64,1977,0.00521,4.6359,61.3012,Baseline
2041,65,1976,0.0052702,5.0163,64.2744,Baseline
2041,66,1975,0.0056429,5.0997,64.8962,Baseline
2041,67,1974,0.0063186,4.9277,63.6016,Baseline
2041,68,1973,0.0061282,5.3925,67.0001,Baseline
2041,69,1972,0.0070186,5.0374,64.4326,Baseline
2041,70,1971,0.0087821,4.25,58.0454,Baseline
2042,20,2022,0.0003582,6.0827,73.2295,Baseline
2042,21,2021,0.0004009,5.7932,71.4419,Baseline
2042,22,2020,0.0004121,5.7877,71.4071,Baseline
2042,23,2019,0.0003254,6.9282,77.8598,Baseline
2042,24,2018,0.0004671,5.3958,68.8028,Baseline
2042,25,2017,0.0004294,5.8662,71.9029,Baseline
2042,26,2016,0.0003511,6.8542,77.4872,Baseline
2042,27,2015,0.0003527,6.9105,77.7715,Baseline
2042,28,2014,0.0005012,5.3996,68.8285,Baseline
2042,29,2013,0.000442,6.0039,72.7535,Baseline
2042,30,2012,0.0005306,5.2145,67.5227,Baseline
2042,31,2011,0.0003763,6.7912,77.1652,Baseline
2042,32,2010,0.0004623,5.931,72.3067,Baseline
2042,33,2009,0.0004243,6.4045,75.0908,Baseline
2042,34,2008,0.0005163,5.6526,70.5336,Baseline
2042,35,2007,0.0005136,5.8405,71.7419,Baseline
2042,36,2006,0.000682,4.7616,64.1035,Baseline
2042,37,2005,0.0006759,5.031,66.1767,Baseline
2042,38,2004,0.0006473,5.4762,69.3543,Baseline
2042,39,2003,0.0006585,5.6622,70.5965,Baseline
2042,40,2002,0.000675,5.8224,71.6275,Baseline
2042,41,2001,0.000726,5.7686,71.2853,Baseline
2042,42,2000,0.0009922,4.6304,63.0508,Baseline
2042,43,1999,0.0009146,5.268,67.9054,Baseline
2042,44,1998,0.0013761,3.6779,54.4757,Baseline
2042,45,1997,0.0015718,3.3399,51.001,Baseline
2042,46,1996,0.0014903,3.8652,56.2986,Baseline
2042,47,1995,0.0014491,4.2862,60.1465,Baseline
2042,48,1994,0.0014586,4.5644,62.51,Baseline
2042,49,1993,0.0017386,4.0899,58.394,Baseline
2042,50,1992,0.0018008,4.2699,60.0034,Baseline
2042,51,1991,0.0022117,3.6814,54.5107,Baseline
2042,52,1990,0.001904,4.7207,63.778,Baseline
2042,53,1989,0.0022546,4.3072,60.3296,Baseline
2042,54,1988,0.0027801,3.7024,54.7184,Baseline
2042,55,1987,0.0025363,4.467,61.6983,Baseline
2042,56,1986,0.0025817,4.7211,63.7811,Baseline
2042,57,1985,0.0035076,3.6506,54.2041,Baseline
2042,58,1984,0.0035493,3.9216,56.8345,Baseline
2042,59,1983,0.0044196,3.2435,49.9638,Baseline
2042,60,1982,0.0044088,3.5964,53.6596,Baseline
2042,61,1981,0.0043581,4.012,57.6786,Baseline
2042,62,1980,0.0044782,4.2754,60.0522,Baseline
2042,63,1979,0.0055192,3.7322,55.0114,Baseline
2042,64,1978,0.0051456,4.4767,61.7799,Baseline
2042,65,1977,0.0051904,4.8524,64.8149,Baseline
2042,66,1976,0.0055533,4.9354,65.454,Baseline
2042,67,1975,0.0062258,4.7658,64.1363,Baseline
2042,68,1974,0.0060037,5.2351,67.6703,Baseline
2042,69,1973,0.0068887,4.888,65.0909,Baseline
2042,70,1972,0.0086636,4.1138,58.6113,Baseline
2043,20,2023,0.000356,5.8401,73.3895,Baseline
2043,21,2022,0.0004009,5.5373,71.4419,Baseline
2043,22,2021,0.0004121,5.5321,71.4071,Baseline
2043,23,2020,0.0003217,6.673,78.1144,Baseline
2043,24,2019,0.0004671,5.157,68.8028,Baseline
2043,25,2018,0.0004291,5.6098,71.9206,Baseline
2043,26,2017,0.000347,6.603,77.7504,Baseline
2043,27,2016,0.0003489,6.6535,78.0136,Baseline
2043,28,2015,0.0005012,5.1606,68.8285,Baseline
2043,29,2014,0.0004396,5.7625,72.9031,Baseline
2043,30,2013,0.0005304,4.9851,67.5347,Baseline
2043,31,2012,0.0003706,6.5572,77.5091,Baseline
2043,32,2011,0.000457,5.7188,72.6252,Baseline
2043,33,2010,0.0004182,6.1845,75.4505,Baseline
2043,34,2009,0.0005105,5.4513,70.8645,Baseline
2043,35,2008,0.0005068,5.6404,72.1197,Baseline
2043,36,2007,0.0006777,4.5772,64.3267,Baseline
2043,37,2006,0.0006711,4.8388,66.4172,Baseline
2043,38,2005,0.0006391,5.2882,69.7386,Baseline
2043,39,2004,0.0006491,5.4742,71.0193,Baseline
2043,40,2003,0.0006638,5.637,72.0977,Baseline
2043,41,2002,0.0007142,5.584,71.7511,Baseline
2043,42,2001,0.0009851,4.4561,63.3168,Baseline
2043,43,2000,0.0009027,5.0911,68.322,Baseline
2043,44,1999,0.0013751,3.517,54.5094,Baseline
2043,45,1998,0.0015718,3.1906,51.001,Baseline
2043,46,1997,0.0014864,3.7044,56.4144,Baseline
2043,47,1996,0.0014374,4.1307,60.4681,Baseline
2043,48,1995,0.0014421,4.4109,62.9336,Baseline
2043,49,1994,0.0017259,3.9396,58.6978,Baseline
2043,50,1993,0.0017856,4.1166,60.3401,Baseline
2043,51,1992,0.0022035,3.5334,54.6795,Baseline
2043,52,1991,0.0018807,4.5645,64.2214,Baseline
2043,53,1990,0.002234,4.1555,60.6918,Baseline
2043,54,1989,0.0027673,3.5575,54.9276,Baseline
2043,55,1988,0.0025075,4.318,62.1322,Baseline
2043,56,1987,0.0025467,4.5708,64.2733,Baseline
2043,57,1986,0.0034901,3.5096,54.4326,Baseline
2043,58,1985,0.0035229,3.7794,57.1552,Baseline
2043,59,1984,0.0044114,3.1066,50.0569,Baseline
2043,60,1983,0.0043831,3.4613,53.9288,Baseline
2043,61,1982,0.004319,3.8725,58.0582,Baseline
2043,62,1981,0.0044275,4.1347,60.504,Baseline
2043,63,1980,0.0054835,3.5941,55.3024,Baseline
2043,64,1979,0.0050819,4.3318,62.2527,Baseline
2043,65,1978,0.0051119,4.7031,65.3472,Baseline
2043,66,1977,0.005465,4.7858,66.0029,Baseline
2043,67,1976,0.0061343,4.6183,64.6631,Baseline
2043,68,1975,0.0058818,5.0917,68.3269,Baseline
2043,69,1974,0.0067612,4.752,65.7371,Baseline
2043,70,1973,0.0085467,3.9898,59.1697,Baseline
2044,20,2024,0.0003539,5.618,73.5487,Baseline
2044,21,2023,0.0004009,5.303,71.4419,Baseline
2044,22,2022,0.0004121,5.298,71.4071,Baseline
2044,23,2021,0.000318,6.4394,78.3661,Baseline
2044,24,2020,0.0004671,4.9384,68.8028,Baseline
2044,25,2019,0.0004288,5.3752,71.9382,Baseline
2044,26,2018,0.000343,6.3731,78.0105,Baseline
2044,27,2017,0.0003451,6.4182,78.253,Baseline
2044,28,2016,0.0005012,4.9418,68.8285,Baseline
2044,29,2015,0.0004372,5.5416,73.0518,Baseline
2044,30,2014,0.0005302,4.7751,67.5467,Baseline
2044,31,2013,0.000365,6.3431,77.8478,Baseline
2044,32,2012,0.0004518,5.5246,72.94,Baseline
2044,33,2011,0.0004121,5.9832,75.805,Baseline
2044,34,2010,0.0005048,5.2671,71.1917,Baseline
2044,35,2009,0.0005,5.4572,72.4924,Baseline
2044,36,2008,0.0006735,4.4086,64.5486,Baseline
2044,37,2007,0.0006663,4.663,66.656,Baseline
2044,38,2006,0.0006311,5.1163,70.1181,Baseline
2044,39,2005,0.0006397,5.3022,71.436,Baseline
2044,40,2004,0.0006528,5.4673,72.56,Baseline
2044,41,2003,0.0007026,5.4151,72.2093,Baseline
2044,42,2002,0.000978,4.2966,63.5809,Baseline
2044,43,2001,0.000891,4.9292,68.7332,Baseline
2044,44,2000,0.001374,3.3698,54.543,Baseline
2044,45,1999,0.0015718,3.054,51.001,Baseline
2044,46,1998,0.0014824,3.5573,56.5299,Baseline
2044,47,1997,0.0014258,3.9886,60.7871,Baseline
2044,48,1996,0.0014258,4.2706,63.3525,Baseline
2044,49,1995,0.0017133,3.8023,58.9993,Baseline
2044,50,1994,0.0017706,3.9765,60.6741,Baseline
2044,51,1993,0.0021953,3.398,54.8476,Baseline
2044,52,1992,0.0018576,4.4216,64.6593,Baseline
2044,53,1991,0.0022136,4.0167,61.0507,Baseline
2044,54,1990,0.0027545,3.4249,55.1359,Baseline
2044,55,1989,0.0024791,4.1816,62.5613,Baseline
2044,56,1988,0.0025121,4.4333,64.7588,Baseline
2044,57,1987,0.0034727,3.3806,54.66,Baseline
2044,58,1986,0.0034967,3.6493,57.4735,Baseline
2044,59,1985,0.0044032,2.9814,50.1498,Baseline
2044,60,1984,0.0043577,3.3378,54.1965,Baseline
2044,61,1983,0.0042803,3.745,58.4344,Baseline
2044,62,1982,0.0043774,4.006,60.9507,Baseline
2044,63,1981,0.005448,3.4678,55.5916,Baseline
2044,64,1980,0.0050191,4.1993,62.7196,Baseline
2044,65,1979,0.0050346,4.5665,65.8715,Baseline
2044,66,1978,0.0053782,4.649,66.5431,Baseline
2044,67,1977,0.0060442,4.4835,65.1822,Baseline
2044,68,1976,0.0057623,4.9607,68.9702,Baseline
2044,69,1975,0.006636,4.6277,66.3713,Baseline
2044,70,1974,0.0084314,3.8765,59.7205,Baseline
2045,20,2025,0.0003518,5.414,73.7069,Baseline
2045,21,2024,0.0004009,5.0878,71.4419,Baseline
2045,22,2023,0.0004121,5.083,71.4071,Baseline
2045,23,2022,0.0003143,6.2248,78.6149,Baseline
2045,24,2021,0.0004671,4.7376,68.8028,Baseline
2045,25,2020,0.0004286,5.1596,71.9559,Baseline
2045,26,2019,0.000339,6.1618,78.2676,Baseline
2045,27,2018,0.0003414,6.202,78.4898,Baseline
2045,28,2017,0.0005012,4.7409,68.8285,Baseline
2045,29,2016,0.0004348,5.3387,73.1998,Baseline
2045,30,2015,0.00053,4.5823,67.5587,Baseline
2045,31,2014,0.0003595,6.1464,78.1814,Baseline
2045,32,2013,0.0004466,5.3463,73.2512,Baseline
2045,33,2012,0.0004062,5.7983,76.1544,Baseline
2045,34,2011,0.0004991,5.098,71.5152,Baseline
2045,35,2010,0.0004933,5.289,72.8602,Baseline
2045,36,2009,0.0006693,4.2537,64.7691,Baseline
2045,37,2008,0.0006616,4.5015,66.893,Baseline
2045,38,2007,0.0006232,4.9584,70.4928,Baseline
2045,39,2006,0.0006305,5.1443,71.8468,Baseline
2045,40,2005,0.000642,5.3116,73.0147,Baseline
2045,41,2004,0.0006912,5.26,72.66,Baseline
2045,42,2003,0.0009709,4.1502,63.8431,Baseline
2045,43,2002,0.0008794,4.7806,69.139,Baseline
2045,44,2001,0.001373,3.2346,54.5767,Baseline
2045,45,2000,0.0015718,2.9286,51.001,Baseline
2045,46,1999,0.0014785,3.4224,56.6451,Baseline
2045,47,1998,0.0014143,3.8581,61.1036,Baseline
2045,48,1997,0.0014097,4.1417,63.7666,Baseline
2045,49,1996,0.0017008,3.6762,59.2986,Baseline
2045,50,1995,0.0017557,3.8479,61.0052,Baseline
2045,51,1994,0.0021871,3.2737,55.0151,Baseline
2045,52,1993,0.0018349,4.2905,65.0919,Baseline
2045,53,1992,0.0021934,3.8893,61.4063,Baseline
2045,54,1991,0.0027417,3.3032,55.3432,Baseline
2045,55,1990,0.002451,4.0565,62.9854,Baseline
2045,56,1989,0.0024779,4.3072,65.2378,Baseline
2045,57,1988,0.0034554,3.2622,54.8863,Baseline
2045,58,1987,0.0034707,3.5299,57.7895,Baseline
2045,59,1986,0.004395,2.8665,50.2425,Baseline
2045,60,1985,0.0043324,3.2245,54.4626,Baseline
2045,61,1984,0.0042419,3.628,58.8073,Baseline
2045,62,1983,0.0043279,3.8879,61.3923,Baseline
2045,63,1982,0.0054128,3.3518,55.879,Baseline
2045,64,1981,0.004957,4.0777,63.1808,Baseline
2045,65,1980,0.0049584,4.4412,66.3879,Baseline
2045,66,1979,0.0052927,4.5234,67.0747,Baseline
2045,67,1978,0.0059554,4.3598,65.6937,Baseline
2045,68,1977,0.0056453,4.8404,69.6004,Baseline
2045,69,1976,0.0065132,4.5136,66.9938,Baseline
2045,70,1975,0.0083177,3.7725,60.2638,Baseline
2046,20,2026,0.0003497,5.2259,73.8641,Baseline
2046,21,2025,0.0004009,4.8893,71.4419,Baseline
2046,22,2024,0.0004121,4.8847,71.4071,Baseline
2046,23,2023,0.0003107,6.0269,78.8608,Baseline
2046,24,2022,0.0004671,4.5525,68.8028,Baseline
2046,25,2021,0.0004283,4.9608,71.9736,Baseline
2046,26,2020,0.000335,5.9671,78.5216,Baseline
2046,27,2019,0.0003376,6.0027,78.7241,Baseline
2046,28,2018,0.0005012,4.5556,68.8285,Baseline
2046,29,2017,0.0004324,5.1516,73.3469,Baseline
2046,30,2016,0.0005298,4.4045,67.5707,Baseline
2046,31,2015,0.0003541,5.965,78.51,Baseline
2046,32,2014,0.0004414,5.1819,73.5588,Baseline
2046,33,2013,0.0004003,5.6279,76.4987,Baseline
2046,34,2012,0.0004935,4.9421,71.8351,Baseline
2046,35,2011,0.0004867,5.134,73.2231,Baseline
2046,36,2010,0.0006652,4.1111,64.9883,Baseline
2046,37,2009,0.0006569,4.3527,67.1284,Baseline
2046,38,2008,0.0006154,4.8129,70.8628,Baseline
2046,39,2007,0.0006215,4.9987,72.2516,Baseline
2046,40,2006,0.0006314,5.168,73.4618,Baseline
2046,41,2005,0.00068,5.1171,73.1035,Baseline
2046,42,2004,0.0009639,4.0153,64.1035,Baseline
2046,43,2003,0.000868,4.6437,69.5396,Baseline
2046,44,2002,0.001372,3.1101,54.6103,Baseline
2046,45,2001,0.0015718,2.8132,51.001,Baseline
2046,46,2000,0.0014746,3.298,56.76,Baseline
2046,47,1999,0.0014029,3.7378,61.4175,Baseline
2046,48,1998,0.0013938,4.0231,64.176,Baseline
2046,49,1997,0.0016884,3.56,59.5957,Baseline
2046,50,1996,0.0017409,3.7295,61.3335,Baseline
2046,51,1995,0.002179,3.1593,55.182,Baseline
2046,52,1994,0.0018124,4.1696,65.5192,Baseline
2046,53,1993,0.0021734,3.772,61.7587,Baseline
2046,54,1992,0.0027291,3.1911,55.5495,Baseline
2046,55,1991,0.0024233,3.9412,63.4048,Baseline
2046,56,1990,0.0024442,4.1909,65.7102,Baseline
2046,57,1989,0.0034381,3.1532,55.1114,Baseline
2046,58,1988,0.0034449,3.42,58.1031,Baseline
2046,59,1987,0.0043868,2.7607,50.335,Baseline
2046,60,1986,0.0043072,3.1201,54.7272,Baseline
2046,61,1985,0.0042038,3.5202,59.1768,Baseline
2046,62,1984,0.004279,3.7791,61.829,Baseline
2046,63,1983,0.0053777,3.2451,56.1644,Baseline
2046,64,1982,0.0048957,3.9656,63.6362,Baseline
2046,65,1981,0.0048834,4.3258,66.8964,Baseline
2046,66,1980,0.0052086,4.4077,67.5979,Baseline
2046,67,1979,0.0058679,4.2458,66.1977,Baseline
2046,68,1978,0.0055306,4.7295,70.2178,Baseline
2046,69,1977,0.0063927,4.4085,67.6047,Baseline
2046,70,1976,0.0082055,3.6767,60.7999,Baseline
2047,20,2027,0.0003476,5.052,74.0204,Baseline
2047,21,2026,0.0004009,4.7058,71.4419,Baseline
2047,22,2025,0.0004121,4.7013,71.4071,Baseline
2047,23,2024,0.0003071,5.8439,79.1039,Baseline
2047,24,2023,0.0004671,4.3813,68.8028,Baseline
2047,25,2022,0.000428,4.777,71.9912,Baseline
2047,26,2021,0.0003311,5.7869,78.7727,Baseline
2047,27,2020,0.000334,5.8183,78.9558,Baseline
2047,28,2019,0.0005012,4.3843,68.8285,Baseline
2047,29,2018,0.00043,4.9786,73.4932,Baseline
2047,30,2017,0.0005296,4.2401,67.5827,Baseline
2047,31,2016,0.0003488,5.7973,78.8337,Baseline
2047,32,2015,0.0004364,5.0299,73.8629,Baseline
2047,33,2014,0.0003945,5.4703,76.8381,Baseline
2047,34,2013,0.000488,4.798,72.1514,Baseline
2047,35,2012,0.0004802,4.9907,73.5811,Baseline
2047,36,2011,0.000661,3.9792,65.206,Baseline
2047,37,2010,0.0006522,4.2151,67.3621,Baseline
2047,38,2009,0.0006077,4.6785,71.2282,Baseline
2047,39,2008,0.0006125,4.8642,72.6507,Baseline
2047,40,2007,0.0006209,5.0353,73.9016,Baseline
2047,41,2006,0.000669,4.985,73.5398,Baseline
2047,42,2005,0.000957,3.8906,64.3619,Baseline
2047,43,2004,0.0008568,4.5171,69.935,Baseline
2047,44,2003,0.001371,2.9951,54.6439,Baseline
2047,45,2002,0.0015718,2.7064,51.001,Baseline
2047,46,2001,0.0014707,3.1831,56.8746,Baseline
2047,47,2000,0.0013916,3.6267,61.7288,Baseline
2047,48,1999,0.0013781,3.9134,64.5809,Baseline
2047,49,1998,0.0016761,3.4527,59.8906,Baseline
2047,50,1997,0.0017262,3.62,61.6591,Baseline
2047,51,1996,0.0021709,3.0535,55.3483,Baseline
2047,52,1995,0.0017903,4.058,65.9412,Baseline
2047,53,1994,0.0021535,3.6636,62.1078,Baseline
2047,54,1993,0.0027165,3.0876,55.7548,Baseline
2047,55,1992,0.0023958,3.8347,63.8194,Baseline
2047,56,1991,0.002411,4.0835,66.1762,Baseline
2047,57,1990,0.003421,3.0524,55.3354,Baseline
2047,58,1989,0.0034193,3.3184,58.4144,Baseline
2047,59,1988,0.0043787,2.6629,50.4274,Baseline
2047,60,1987,0.0042822,3.0237,54.9902,Baseline
2047,61,1986,0.0041661,3.4206,59.5429,Baseline
2047,62,1985,0.0042306,3.6786,62.2607,Baseline
2047,63,1984,0.0053429,3.1464,56.448,Baseline
2047,64,1983,0.0048351,3.8621,64.086,Baseline
2047,65,1982,0.0048095,4.2191,67.3973,Baseline
2047,66,1981,0.0051259,4.3008,68.1128,Baseline
2047,67,1980,0.0057817,4.1405,66.6942,Baseline
2047,68,1979,0.0054183,4.6271,70.8227,Baseline
2047,69,1978,0.0062743,4.3114,68.2044,Baseline
2047,70,1977,0.0080948,3.5882,61.3287,Baseline
2048,20,2028,0.0003455,4.8906,74.1757,Baseline
2048,21,2027,0.0004009,4.5355,71.4419,Baseline
2048,22,2026,0.0004121,4.5312,71.4071,Baseline
2048,23,2025,0.0003036,5.6741,79.3442,Baseline
2048,24,2024,0.0004671,4.2225,68.8028,Baseline
2048,25,2023,0.0004278,4.6064,72.0089,Baseline
2048,26,2022,0.0003272,5.6198,79.0209,Baseline
2048,27,2021,0.0003303,5.6472,79.185,Baseline
2048,28,2020,0.0005012,4.2254,68.8285,Baseline
2048,29,2019,0.0004276,4.8181,73.6387,Baseline
2048,30,2018,0.0005294,4.0876,67.5947,Baseline
2048,31,2017,0.0003435,5.6418,79.1524,Baseline
2048,32,2016,0.0004313,4.889,74.1635,Baseline
2048,33,2015,0.0003889,5.3242,77.1726,Baseline
2048,34,2014,0.0004825,4.6643,72.4641,Baseline
2048,35,2013,0.0004738,4.8579,73.9343,Baseline
2048,36,2012,0.0006569,3.8569,65.4225,Baseline
2048,37,2011,0.0006476,4.0876,67.5942,Baseline
2048,38,2010,0.0006001,4.5538,71.589,Baseline
2048,39,2009,0.0006037,4.7394,73.0439,Baseline
2048,40,2008,0.0006106,4.9123,74.334,Baseline
2048,41,2007,0.0006581,4.8625,73.9689,Baseline
2048,42,2006,0.0009501,3.775,64.6185,Baseline
2048,43,2005,0.0008456,4.3998,70.3252,Baseline
2048,44,2004,0.00137,2.8884,54.6774,Baseline
2048,45,2003,0.0015718,2.6075,51.001,Baseline
2048,46,2002,0.0014668,3.0765,56.9888,Baseline
2048,47,2001,0.0013803,3.5237,62.0377,Baseline
2048,48,2000,0.0013625,3.8117,64.9811,Baseline
2048,49,1999,0.0016638,3.3532,60.1834,Baseline
2048,50,1998,0.0017117,3.5185,61.9819,Baseline
2048,51,1997,0.0021629,2.9554,55.5139,Baseline
2048,52,1996,0.0017683,3.9545,66.3581,Baseline
2048,53,1995,0.0021339,3.5631,62.4538,Baseline
2048,54,1994,0.0027039,2.9916,55.9592,Baseline
2048,55,1993,0.0023687,3.736,64.2294,Baseline
2048,56,1992,0.0023783,3.984,66.6359,Baseline
2048,57,1991,0.0034039,2.959,55.5583,Baseline
2048,58,1990,0.0033939,3.2242,58.7234,Baseline
2048,59,1989,0.0043705,2.5722,50.5196,Baseline
2048,60,1988,0.0042573,2.9343,55.2518,Baseline
2048,61,1987,0.0041287,3.3283,59.9058,Baseline
2048,62,1986,0.0041827,3.5854,62.6875,Baseline
2048,63,1985,0.0053084,3.055,56.7298,Baseline
2048,64,1984,0.0047753,3.7661,64.5303,Baseline
2048,65,1983,0.0047367,4.1202,67.8906,Baseline
2048,66,1982,0.0050444,4.2017,68.6195,Baseline
2048,67,1981,0.0056968,4.0428,67.1835,Baseline
2048,68,1980,0.0053083,4.5322,71.4153,Baseline
2048,69,1979,0.0061582,4.2214,68.7929,Baseline
2048,70,1978,0.0079856,3.5061,61.8504,Baseline
2049,20,2029,0.0003434,4.7406,74.3302,Baseline
2049,21,2028,0.0004009,4.3771,71.4419,Baseline
2049,22,2027,0.0004121,4.373,71.4071,Baseline
2049,23,2026,0.0003001,5.5161,79.5818,Baseline
2049,24,2025,0.0004671,4.0748,68.8028,Baseline
2049,25,2024,0.0004275,4.4477,72.0265,Baseline
2049,26,2023,0.0003234,5.4643,79.2661,Baseline
2049,27,2022,0.0003267,5.4881,79.4116,Baseline
2049,28,2021,0.0005012,4.0776,68.8285,Baseline
2049,29,2020,0.0004253,4.6689,73.7835,Baseline
2049,30,2019,0.0005292,3.9458,67.6067,Baseline
2049,31,2018,0.0003384,5.4971,79.4664,Baseline
2049,32,2017,0.0004264,4.7579,74.4606,Baseline
2049,33,2016,0.0003832,5.1883,77.5022,Baseline
2049,34,2015,0.0004771,4.54,72.7734,Baseline
2049,35,2014,0.0004674,4.7343,74.2828,Baseline
2049,36,2013,0.0006528,3.7432,65.6375,Baseline
2049,37,2012,0.000643,3.969,67.8246,Baseline
2049,38,2011,0.0005925,4.4378,71.9453,Baseline
2049,39,2010,0.000595,4.6234,73.4316,Baseline
2049,40,2009,0.0006005,4.7979,74.7593,Baseline
2049,41,2008,0.0006474,4.7487,74.3912,Baseline
2049,42,2007,0.0009433,3.6675,64.8733,Baseline
2049,43,2006,0.0008347,4.2907,70.7104,Baseline
2049,44,2005,0.001369,2.7893,54.711,Baseline
2049,45,2004,0.0015718,2.5156,51.001,Baseline
2049,46,2003,0.0014629,2.9775,57.1028,Baseline
2049,47,2002,0.0013692,3.428,62.344,Baseline
2049,48,2001,0.0013471,3.7172,65.3768,Baseline
2049,49,2000,0.0016517,3.2607,60.4741,Baseline
2049,50,1999,0.0016973,3.4242,62.3021,Baseline
2049,51,1998,0.0021549,2.8643,55.679,Baseline
2049,52,1997,0.0017467,3.8583,66.7699,Baseline
2049,53,1996,0.0021144,3.4697,62.7966,Baseline
2049,54,1995,0.0026914,2.9024,56.1627,Baseline
2049,55,1994,0.0023418,3.6442,64.6347,Baseline
2049,56,1993,0.0023459,3.8914,67.0893,Baseline
2049,57,1992,0.0033869,2.8722,55.78,Baseline
2049,58,1991,0.0033687,3.1367,59.0301,Baseline
2049,59,1990,0.0043624,2.488,50.6117,Baseline
2049,60,1989,0.0042325,2.8512,55.5117,Baseline
2049,61,1988,0.0040917,3.2425,60.2655,Baseline
2049,62,1987,0.0041354,3.4988,63.1096,Baseline
2049,63,1986,0.005274,2.97,57.0098,Baseline
2049,64,1985,0.0047162,3.6769,64.9691,Baseline
2049,65,1984,0.0046651,4.0283,68.3764,Baseline
2049,66,1983,0.0049642,4.1096,69.1181,Baseline
2049,67,1982,0.0056131,3.9521,67.6655,Baseline
2049,68,1981,0.0052005,4.444,71.9959,Baseline
2049,69,1980,0.0060442,4.1377,69.3705,Baseline
2049,70,1979,0.0078779,3.4299,62.365,Baseline
2050,20,2030,0.0003414,4.6006,74.4837,Baseline
2050,21,2029,0.0004009,4.2294,71.4419,Baseline
2050,22,2028,0.0004121,4.2254,71.4071,Baseline
2050,23,2027,0.0002966,5.3688,79.8166,Baseline
2050,24,2026,0.0004671,3.9371,68.8028,Baseline
2050,25,2025,0.0004272,4.2998,72.0442,Baseline
2050,26,2024,0.0003196,5.3194,79.5085,Baseline
2050,27,2023,0.0003232,5.3397,79.6358,Baseline
2050,28,2022,0.0005012,3.9398,68.8285,Baseline
2050,29,2021,0.000423,4.5297,73.9274,Baseline
2050,30,2020,0.0005291,3.8136,67.6187,Baseline
2050,31,2019,0.0003333,5.3622,79.7756,Baseline
2050,32,2018,0.0004215,4.6357,74.7543,Baseline
2050,33,2017,0.0003777,5.0615,77.8271,Baseline
2050,34,2016,0.0004717,4.4242,73.0791,Baseline
2050,35,2015,0.0004612,4.6191,74.6266,Baseline
2050,36,2014,0.0006488,3.6372,65.8513,Baseline
2050,37,2013,0.0006384,3.8584,68.0534,Baseline
2050,38,2012,0.0005851,4.3298,72.2971,Baseline
2050,39,2011,0.0005865,4.5153,73.8136,Baseline
2050,40,2010,0.0005906,4.6913,75.1775,Baseline
2050,41,2009,0.0006369,4.6425,74.8065,Baseline
2050,42,2008,0.0009365,3.5673,65.1262,Baseline
2050,43,2007,0.0008238,4.189,71.0906,Baseline
2050,44,2006,0.001368,2.6969,54.7445,Baseline
2050,45,2005,0.0015718,2.4299,51.001,Baseline
2050,46,2004,0.001459,2.8852,57.2165,Baseline
2050,47,2003,0.0013581,3.3388,62.6479,Baseline
2050,48,2002,0.0013319,3.6291,65.768,Baseline
2050,49,2001,0.0016396,3.1745,60.7626,Baseline
2050,50,2000,0.001683,3.3363,62.6195,Baseline
2050,51,1999,0.0021469,2.7794,55.8434,Baseline
2050,52,1998,0.0017253,3.7686,67.1766,Baseline
2050,53,1997,0.0020951,3.3826,63.1362,Baseline
2050,54,1996,0.002679,2.8192,56.3652,Baseline
2050,55,1995,0.0023153,3.5587,65.0353,Baseline
2050,56,1994,0.0023141,3.8052,67.5365,Baseline
2050,57,1993,0.00337,2.7913,56.0007,Baseline
2050,58,1992,0.0033437,3.0551,59.3345,Baseline
2050,59,1991,0.0043543,2.4095,50.7035,Baseline
2050,60,1990,0.004208,2.7738,55.7702,Baseline
2050,61,1989,0.004055,3.1626,60.6219,Baseline
2050,62,1988,0.0040887,3.4181,63.5268,Baseline
2050,63,1987,0.0052399,2.8908,57.2879,Baseline
2050,64,1986,0.0046579,3.5938,65.4024,Baseline
2050,65,1985,0.0045945,3.9426,68.8549,Baseline
2050,66,1984,0.0048854,4.0238,69.6088,Baseline
2050,67,1983,0.0055306,3.8675,68.1405,Baseline
2050,68,1982,0.0050948,4.3618,72.5646,Baseline
2050,69,1981,0.0059323,4.0597,69.9375,Baseline
2050,70,1980,0.0077716,3.3589,62.8727,Baseline
2051,20,2031,0.0003393,4.4699,74.6363,Baseline
2051,21,2030,0.0004009,4.0914,71.4419,Baseline
2051,22,2029,0.0004121,4.0875,71.4071,Baseline
2051,23,2028,0.0002932,5.2311,80.0487,Baseline
2051,24,2027,0.0004671,3.8084,68.8028,Baseline
2051,25,2026,0.0004269,4.1615,72.0618,Baseline
2051,26,2025,0.0003159,5.1839,79.748,Baseline
2051,27,2024,0.0003196,5.201,79.8576,Baseline
2051,28,2023,0.0005012,3.811,68.8285,Baseline
2051,29,2022,0.0004206,4.3996,74.0705,Baseline
2051,30,2021,0.0005289,3.6901,67.6307,Baseline
2051,31,2020,0.0003283,5.2361,80.0802,Baseline
2051,32,2019,0.0004166,4.5215,75.0446,Baseline
2051,33,2018,0.0003722,4.9431,78.1472,Baseline
2051,34,2017,0.0004664,4.316,73.3814,Baseline
2051,35,2016,0.000455,4.5115,74.9659,Baseline
2051,36,2015,0.0006447,3.5382,66.0637,Baseline
2051,37,2014,0.0006338,3.7551,68.2805,Baseline
2051,38,2013,0.0005778,4.2288,72.6445,Baseline
2051,39,2012,0.000578,4.4143,74.1902,Baseline
2051,40,2011,0.0005808,4.5917,75.5889,Baseline
2051,41,2010,0.0006266,4.5433,75.2152,Baseline
2051,42,2009,0.0009297,3.4738,65.3773,Baseline
2051,43,2008,0.0008131,4.0941,71.4658,Baseline
2051,44,2007,0.0013669,2.6106,54.778,Baseline
2051,45,2006,0.0015718,2.3499,51.001,Baseline
2051,46,2005,0.0014551,2.799,57.3299,Baseline
2051,47,2004,0.0013472,3.2554,62.9493,Baseline
2051,48,2003,0.0013168,3.5468,66.1549,Baseline
2051,49,2002,0.0016276,3.094,61.0491,Baseline
2051,50,2001,0.0016688,3.2541,62.9342,Baseline
2051,51,2000,0.0021389,2.7,56.0072,Baseline
2051,52,1999,0.0017042,3.6849,67.5784,Baseline
2051,53,1998,0.0020759,3.3013,63.4728,Baseline
2051,54,1997,0.0026666,2.7415,56.5668,Baseline
2051,55,1996,0.0022891,3.4788,65.4315,Baseline
2051,56,1995,0.0022826,3.7247,67.9777,Baseline
2051,57,1994,0.0033532,2.7158,56.2202,Baseline
2051,58,1993,0.0033189,2.9789,59.6366,Baseline
2051,59,1992,0.0043462,2.3362,50.7952,Baseline
2051,60,1991,0.0041835,2.7015,56.0272,Baseline
2051,61,1990,0.0040186,3.0879,60.9751,Baseline
2051,62,1989,0.0040424,3.3427,63.9393,Baseline
2051,63,1988,0.005206,2.8168,57.5643,Baseline
2051,64,1987,0.0046003,3.5161,65.8304,Baseline
2051,65,1986,0.004525,3.8626,69.3261,Baseline
2051,66,1985,0.0048077,3.9436,70.0917,Baseline
2051,67,1984,0.0054494,3.7885,68.6086,Baseline
2051,68,1983,0.0049914,4.285,73.1218,Baseline
2051,69,1982,0.0058225,3.9869,70.4939,Baseline
2051,70,1981,0.0076667,3.2926,63.3735,Baseline
