ano,sexo,idade,qx
2015,Ambos,0,0.013824165120629478
2016,Ambos,0,0.01329710957378731
2017,Ambos,0,0.012807916760313965
2018,Ambos,0,0.01235826059375031
2019,Ambos,0,0.011937616950365045
2020,Ambos,0,0.011555840086330427
2021,Ambos,0,0.011203207645796647
2022,Ambos,0,0.0128396955248801
2023,Ambos,0,0.0124700383559455
2024,Ambos,0,0.0122551291425387
2015,Ambos,1,0.0009015520187502136
2016,Ambos,1,0.0008778622626493457
2017,Ambos,1,0.000848353622617138
2018,Ambos,1,0.0008412659481117137
2019,Ambos,1,0.0007961740413178313
2020,Ambos,1,0.0007890831995163503
2021,Ambos,1,0.000782013637886332
2022,Ambos,1,0.000895944870577358
2023,Ambos,1,0.000758692913183345
2024,Ambos,1,0.0007446044330567449
2015,Ambos,2,0.0005784067271233171
2016,Ambos,2,0.0005687685127582681
2017,Ambos,2,0.0005482934208455745
2018,Ambos,2,0.0005375883032500173
2019,Ambos,2,0.0005180867432780304
2020,Ambos,2,0.0005073715425716164
2021,Ambos,2,0.0004966564318103428
2022,Ambos,2,0.000675869670673843
2023,Ambos,2,0.0006035176989504681
2024,Ambos,2,0.000592545212243709
2015,Ambos,3,0.0004390781629295522
2016,Ambos,3,0.0004345254630507074
2017,Ambos,3,0.00041830647434059796
2018,Ambos,3,0.00040713495649627256
2019,Ambos,3,0.00039708560106703624
2020,Ambos,3,0.00038591966786973817
2021,Ambos,3,0.0003747412729825663
2022,Ambos,3,0.000513786286635075
2023,Ambos,3,0.00048221387537905104
2024,Ambos,3,0.000473612267827712
2015,Ambos,4,0.0003595762367946976
2016,Ambos,4,0.0003575278381399341
2017,Ambos,4,0.00034387897603063185
2018,Ambos,4,0.00033287851994364976
2019,Ambos,4,0.000327614114393117
2020,Ambos,4,0.000316624349951101
2021,Ambos,4,0.000305623479228119
2022,Ambos,4,0.000396941353155585
2023,Ambos,4,0.000388937790336723
2024,Ambos,4,0.000382096174315399
2015,Ambos,5,0.00030836249614424365
2016,Ambos,5,0.00030770049395232235
2017,Ambos,5,0.0002957939529308171
2018,Ambos,5,0.0002851304993677113
2019,Ambos,5,0.0002826641373771483
2020,Ambos,5,0.00027201059176518513
2021,Ambos,5,0.0002613513306723427
2022,Ambos,5,0.000314722267567492
2023,Ambos,5,0.000318625846068905
2024,Ambos,5,0.000313052616250408
2015,Ambos,6,0.0002736430296070238
2016,Ambos,6,0.0002737454546118132
2017,Ambos,6,0.00026309330646192354
2018,Ambos,6,0.00025279664513634014
2019,Ambos,6,0.0002520949430095486
2020,Ambos,6,0.00024180452587074114
2021,Ambos,6,0.00023151357241544204
2022,Ambos,6,0.000259019493804127
2023,Ambos,6,0.000267236869155717
2024,Ambos,6,0.00026253592065445804
2015,Ambos,7,0.0002503027549207778
2016,Ambos,7,0.0002507296629145506
2017,Ambos,7,0.00024100087487887229
2018,Ambos,7,0.00023104969458631453
2019,Ambos,7,0.0002314944291634579
2020,Ambos,7,0.00022154449703549922
2021,Ambos,7,0.0002115971486480858
2022,Ambos,7,0.000223633546840036
2023,Ambos,7,0.000231452769956555
2024,Ambos,7,0.00022730590843856699
2015,Ambos,8,0.00023625868199386932
2016,Ambos,8,0.0002366044077677463
2017,Ambos,8,0.00022754001912415526
2018,Ambos,8,0.00021788594628862707
2019,Ambos,8,0.00021905635423092367
2020,Ambos,8,0.00020939810269913795
2021,Ambos,8,0.0001997426954719494
2022,Ambos,8,0.000204271701935782
2023,Ambos,8,0.000208986418321384
2024,Ambos,8,0.000205130931665983
2015,Ambos,9,0.00023126312965079612
2016,Ambos,9,0.00023105085420346944
2017,Ambos,9,0.0002224124488109666
2018,Ambos,9,0.00021298306602682315
2019,Ambos,9,0.0002145472521269602
2020,Ambos,9,0.00020510857553624812
2021,Ambos,9,0.00019567001294711932
2022,Ambos,9,0.00019877940617890898
2023,Ambos,9,0.000198628334984844
2024,Ambos,9,0.000194826189153903
2015,Ambos,10,0.00023659490039864032
2016,Ambos,10,0.0002351647194611752
2017,Ambos,10,0.00022669158066243383
2018,Ambos,10,0.0002173822944407544
2019,Ambos,10,0.0002190286534122704
2020,Ambos,10,0.0002097062196022353
2021,Ambos,10,0.00020037883042090036
2022,Ambos,10,0.000206946159466516
2023,Ambos,10,0.000200621377404649
2024,Ambos,10,0.000196626707379921
2015,Ambos,11,0.00025521178838880675
2016,Ambos,11,0.00025156919914321596
2017,Ambos,11,0.0002429305525323048
2018,Ambos,11,0.00023358640603893957
2019,Ambos,11,0.00023496594081388948
2020,Ambos,11,0.00022560762267525048
2021,Ambos,11,0.0002162388951700011
2022,Ambos,11,0.000230867238979832
2023,Ambos,11,0.000216864782843642
2024,Ambos,11,0.00021238233577126
2015,Ambos,12,0.0002922720496001884
2016,Ambos,12,0.00028486036773112
2017,Ambos,12,0.00027559098635536727
2018,Ambos,12,0.00026597542989866013
2019,Ambos,12,0.00026663801676036743
2020,Ambos,12,0.0002570128852959887
2021,Ambos,12,0.0002473758045739008
2022,Ambos,12,0.0002749253365975
2023,Ambos,12,0.000251134135331675
2024,Ambos,12,0.000245775710057334
2015,Ambos,13,0.00035607583682721676
2016,Ambos,13,0.0003424213047454149
2017,Ambos,13,0.00033182623029533946
2018,Ambos,13,0.0003215703914840439
2019,Ambos,13,0.0003208803215652384
2020,Ambos,13,0.00031063010906160697
2021,Ambos,13,0.0003003788209289743
2022,Ambos,13,0.000346612729253514
2023,Ambos,13,0.000310111157530836
2024,Ambos,13,0.00030333462847452
2015,Ambos,14,0.0004595798125262137
2016,Ambos,14,0.00043573136388862514
2017,Ambos,14,0.0004227393483325746
2018,Ambos,14,0.0004112609101089252
2019,Ambos,14,0.00040827424085856153
2020,Ambos,14,0.0003968359982304056
2021,Ambos,14,0.0003854358645605205
2022,Ambos,14,0.000454613240642122
2023,Ambos,14,0.000401481650091775
2024,Ambos,14,0.00039257242363158
2015,Ambos,15,0.0007482101433506972
2016,Ambos,15,0.0007244081290794783
2017,Ambos,15,0.0007104144970668068
2018,Ambos,15,0.0006950173136316748
2019,Ambos,15,0.0006831907769386907
2020,Ambos,15,0.0006679253470445465
2021,Ambos,15,0.0006525271533893424
2022,Ambos,15,0.000607291859797646
2023,Ambos,15,0.000533132435508333
2024,Ambos,15,0.0005212184026527909
2015,Ambos,16,0.000929210028367148
2016,Ambos,16,0.0009002546093434766
2017,Ambos,16,0.0008843504381351519
2018,Ambos,16,0.0008664660102384945
2019,Ambos,16,0.0008495800372123882
2020,Ambos,16,0.0008319896507918298
2021,Ambos,16,0.0008141043211921448
2022,Ambos,16,0.000803974439980966
2023,Ambos,16,0.000704503209656067
2024,Ambos,16,0.0006887610628164949
2015,Ambos,17,0.0010900383503403843
2016,Ambos,17,0.0010577695456770455
2017,Ambos,17,0.0010389252032820269
2018,Ambos,17,0.0010186902957357359
2019,Ambos,17,0.0009975524455001297
2020,Ambos,17,0.0009775630345647452
2021,Ambos,17,0.0009573272330503935
2022,Ambos,17,0.0010286065936711
2023,Ambos,17,0.000900778035183547
2024,Ambos,17,0.000880766441961205
2015,Ambos,18,0.0012161998154970844
2016,Ambos,18,0.0011832185065127202
2017,Ambos,18,0.0011601528681904278
2018,Ambos,18,0.001137873964549827
2019,Ambos,18,0.0011137944225190798
2020,Ambos,18,0.0010914170894460024
2021,Ambos,18,0.0010691369396832278
2022,Ambos,18,0.00125231169893206
2023,Ambos,18,0.0010954849974219001
2024,Ambos,18,0.00107138626414037
2015,Ambos,19,0.001313444029541589
2016,Ambos,19,0.0012816103313609993
2017,Ambos,19,0.00125352420294354
2018,Ambos,19,0.0012294217734940408
2019,Ambos,19,0.0012034539500155217
2020,Ambos,19,0.0011787748952887562
2021,Ambos,19,0.0011546705603333357
2022,Ambos,19,0.0014383111575859
2023,Ambos,19,0.0012553017629152502
2024,Ambos,19,0.0012280232852349899
2015,Ambos,20,0.0014095335370336527
2016,Ambos,20,0.001379670470023346
2017,Ambos,20,0.0013459133279364226
2018,Ambos,20,0.0013200885964886788
2019,Ambos,20,0.0012922738161975692
2020,Ambos,20,0.0012650464368576093
2021,Ambos,20,0.0012392193255711744
2022,Ambos,20,0.00156961321710702
2023,Ambos,20,0.00136718480915874
2024,Ambos,20,0.00133786177949548
2015,Ambos,21,0.001505005607477014
2016,Ambos,21,0.001476536648135088
2017,Ambos,21,0.00143762696182897
2018,Ambos,21,0.0014099674432299157
2019,Ambos,21,0.0013802274781091488
2020,Ambos,21,0.001350587688565601
2021,Ambos,21,0.0013229257610645672
2022,Ambos,21,0.00164605417304532
2023,Ambos,21,0.00143409513449664
2024,Ambos,21,0.00140371977887979
2015,Ambos,22,0.0015714418611870876
2016,Ambos,22,0.0015431383743237834
2017,Ambos,22,0.0015009044879330249
2018,Ambos,22,0.0014711957238924913
2019,Ambos,22,0.00144034690851399
2020,Ambos,22,0.0014092457162260359
2021,Ambos,22,0.0013795344490093705
2022,Ambos,22,0.00168309453730062
2023,Ambos,22,0.0014722732619841601
2024,Ambos,22,0.00144142609492434
2015,Ambos,23,0.0016019301190560494
2016,Ambos,23,0.0015718905681250297
2017,Ambos,23,0.001528924449546982
2018,Ambos,23,0.0014968691990925572
2019,Ambos,23,0.0014659009630610465
2020,Ambos,23,0.001434629675553506
2021,Ambos,23,0.0014025716267015479
2022,Ambos,23,0.0017008720576686
2023,Ambos,23,0.00150089607525124
2024,Ambos,23,0.00146970785891375
2015,Ambos,24,0.0016061871613236105
2016,Ambos,24,0.001573088843872211
2017,Ambos,24,0.0015312518823387081
2018,Ambos,24,0.0014967172185324522
2019,Ambos,24,0.0014663010852088525
2020,Ambos,24,0.0014357484848967433
2021,Ambos,24,0.0014012105891931111
2022,Ambos,24,0.00171136365352875
2023,Ambos,24,0.0015287608770119
2024,Ambos,24,0.00149715305306906
2015,Ambos,25,0.0015980928355630167
2016,Ambos,25,0.0015614655731862768
2017,Ambos,25,0.0015215949319955446
2018,Ambos,25,0.001484503189450605
2019,Ambos,25,0.0014550809635723281
2020,Ambos,25,0.0014257904026639043
2021,Ambos,25,0.0013886950688705554
2022,Ambos,25,0.00172287525939761
2023,Ambos,25,0.00156040326284216
2024,Ambos,25,0.0015281848011589202
2015,Ambos,26,0.0015940309672142592
2016,Ambos,26,0.0015545084085778933
2017,Ambos,26,0.0015160440447218807
2018,Ambos,26,0.0014767082029733317
2019,Ambos,26,0.0014480378693741793
2020,Ambos,26,0.001419660292742108
2021,Ambos,26,0.0013803206731900365
2022,Ambos,26,0.00173672132394447
2023,Ambos,26,0.0015926454229576198
2024,Ambos,26,0.0015596820777024
2015,Ambos,27,0.001601286430180146
2016,Ambos,27,0.0015599571612142011
2017,Ambos,27,0.0015216741556998363
2018,Ambos,27,0.0014808391529990052
2019,Ambos,27,0.0014520395741194512
2020,Ambos,27,0.0014234840990315944
2021,Ambos,27,0.00138264515163855
2022,Ambos,27,0.00175249562711518
2023,Ambos,27,0.0016206707333051799
2024,Ambos,27,0.0015869260250230299
2015,Ambos,28,0.0016284034172554746
2016,Ambos,28,0.001586858519649985
2017,Ambos,28,0.0015468501263525836
2018,Ambos,28,0.001505510163862825
2019,Ambos,28,0.0014752733688979723
2020,Ambos,28,0.0014449381668207191
2021,Ambos,28,0.001403594110490293
2022,Ambos,28,0.00177007354682129
2023,Ambos,28,0.0016423896477291
2024,Ambos,28,0.00160789023959745
2015,Ambos,29,0.0016716709850513062
2016,Ambos,29,0.0016310116235705142
2017,Ambos,29,0.0015879469733414886
2018,Ambos,29,0.0015468505190105349
2019,Ambos,29,0.00151420015678122
2020,Ambos,29,0.001480975290544431
2021,Ambos,29,0.0014398746163080845
2022,Ambos,29,0.00178968599999601
2023,Ambos,29,0.00165741122504316
2024,Ambos,29,0.0016222241129783
2015,Ambos,30,0.001721209629378577
2016,Ambos,30,0.0016818162680254192
2017,Ambos,30,0.0016352215299528993
2018,Ambos,30,0.0015944306819535934
2019,Ambos,30,0.0015590796594259894
2020,Ambos,30,0.0015224614277586006
2021,Ambos,30,0.0014817962672768394
2022,Ambos,30,0.00181288423967423
2023,Ambos,30,0.0016696626628904601
2024,Ambos,30,0.00163382077865883
2015,Ambos,31,0.0017708546081673896
2016,Ambos,31,0.001732213109643605
2017,Ambos,31,0.001682720932650183
2018,Ambos,31,0.0016421043709445595
2019,Ambos,31,0.001604271378092899
2020,Ambos,31,0.001564754802604517
2021,Ambos,31,0.0015244234858797475
2022,Ambos,31,0.00184164418527239
2023,Ambos,31,0.00168441174295363
2024,Ambos,31,0.00164788517818963
2015,Ambos,32,0.0018244527481295068
2016,Ambos,32,0.001785680484226935
2017,Ambos,32,0.0017343751863217968
2018,Ambos,32,0.0016942117099385473
2019,Ambos,32,0.001654028762343946
2020,Ambos,32,0.001612700073401535
2021,Ambos,32,0.001572774441365777
2022,Ambos,32,0.0018778229712582003
2023,Ambos,32,0.00170680984551645
2024,Ambos,32,0.00166949348861945
2015,Ambos,33,0.001881279211506207
2016,Ambos,33,0.0018410683741891135
2017,Ambos,33,0.0017895410229549612
2018,Ambos,33,0.0017501078390588117
2019,Ambos,33,0.0017078743666882168
2020,Ambos,33,0.001666325927739177
2021,Ambos,33,0.0016267923277553614
2022,Ambos,33,0.00192317892991389
2023,Ambos,33,0.00174172898310989
2024,Ambos,33,0.0017034395508041
2015,Ambos,34,0.001943884876719786
2016,Ambos,34,0.0019012608832453765
2017,Ambos,34,0.0018506169863046007
2018,Ambos,34,0.001811960773005348
2019,Ambos,34,0.0017678945664010054
2020,Ambos,34,0.0017272313764856286
2021,Ambos,34,0.0016880034485402063
2022,Ambos,34,0.00197854002936425
2023,Ambos,34,0.0017917415509886901
2024,Ambos,34,0.00175224494195178
2015,Ambos,35,0.00201691436308023
2016,Ambos,35,0.001971208085679311
2017,Ambos,35,0.0019217058037347262
2018,Ambos,35,0.0018840382831521415
2019,Ambos,35,0.001837989282516153
2020,Ambos,35,0.0017984663440120232
2021,Ambos,35,0.0017595366567828472
2022,Ambos,35,0.00204442745293099
2023,Ambos,35,0.0018586301308257
2024,Ambos,35,0.0018176519351942
2015,Ambos,36,0.002103283704642517
2016,Ambos,36,0.0020546279376800784
2017,Ambos,36,0.0020057272733803267
2018,Ambos,36,0.001968584321182995
2019,Ambos,36,0.0019203927211243537
2020,Ambos,36,0.0018814675083232042
2021,Ambos,36,0.0018426437860577427
2022,Ambos,36,0.00212105405986317
2023,Ambos,36,0.0019425796930722
2024,Ambos,36,0.0018998296554828
2015,Ambos,37,0.002202816780784458
2016,Ambos,37,0.0021519569897652767
2017,Ambos,37,0.0021029809015528826
2018,Ambos,37,0.0020648697917728803
2019,Ambos,37,0.002014736867946504
2020,Ambos,37,0.0019757327274372697
2021,Ambos,37,0.001936473291375341
2022,Ambos,37,0.00220868861655034
2023,Ambos,37,0.00204310887606041
2024,Ambos,37,0.0019982920051422903
2015,Ambos,38,0.0023170892407441473
2016,Ambos,38,0.002265186426964559
2017,Ambos,38,0.0022151123326255113
2018,Ambos,38,0.0021740254226730094
2019,Ambos,38,0.002122232123256713
2020,Ambos,38,0.0020821285671321107
2021,Ambos,38,0.0020417175749888046
2022,Ambos,38,0.00230866375316321
2023,Ambos,38,0.0021592175951768698
2024,Ambos,38,0.00211205147156594
2015,Ambos,39,0.002447639422463849
2016,Ambos,39,0.0023953064332953833
2017,Ambos,39,0.0023432887740440934
2018,Ambos,39,0.002297713479116243
2019,Ambos,39,0.0022443887995641184
2020,Ambos,39,0.002202341879239484
2021,Ambos,39,0.0021601553347817513
2022,Ambos,39,0.00242307408006433
2023,Ambos,39,0.00228941567171035
2024,Ambos,39,0.00223964324981154
2015,Ambos,40,0.0025927374145509273
2016,Ambos,40,0.0025403587411165305
2017,Ambos,40,0.0024859535306370915
2018,Ambos,40,0.002435132796232248
2019,Ambos,40,0.002380251976343016
2020,Ambos,40,0.0023359427089358585
2021,Ambos,40,0.002291631638952507
2022,Ambos,40,0.0025552693194849
2023,Ambos,40,0.00243174103901694
2024,Ambos,40,0.00237914898770649
2015,Ambos,41,0.0027564994069769052
2016,Ambos,41,0.0027030864380972763
2017,Ambos,41,0.0026461623754273538
2018,Ambos,41,0.0025902332950566574
2019,Ambos,41,0.0025334807003648536
2020,Ambos,41,0.002486804574630963
2021,Ambos,41,0.0024401262056547497
2022,Ambos,41,0.00270940651000526
2023,Ambos,41,0.0025837826887265
2024,Ambos,41,0.0025282142769741597
2015,Ambos,42,0.00294658384942454
2016,Ambos,42,0.0028897048765401446
2017,Ambos,42,0.002830054443118013
2018,Ambos,42,0.0027694848831249477
2019,Ambos,42,0.0027103177239873252
2020,Ambos,42,0.002660866382504033
2021,Ambos,42,0.0026114124539158103
2022,Ambos,42,0.00288854217431942
2023,Ambos,42,0.00274401565610986
2024,Ambos,42,0.0026853511262093202
2015,Ambos,43,0.0031668600764376315
2016,Ambos,43,0.0031032187799182914
2017,Ambos,43,0.003040706383363372
2018,Ambos,43,0.002976380783184666
2019,Ambos,43,0.0029140753695009332
2020,Ambos,43,0.002861430591286499
2021,Ambos,43,0.002808783090306841
2022,Ambos,43,0.00309491458188956
2023,Ambos,43,0.0029115346690361302
2024,Ambos,43,0.00284967676559131
2015,Ambos,44,0.0034152018669169897
2016,Ambos,44,0.0033423919002358647
2017,Ambos,44,0.0032767397852643387
2018,Ambos,44,0.003209225741678458
2019,Ambos,44,0.0031431526941972307
2020,Ambos,44,0.0030869062657214712
2021,Ambos,44,0.0030306570545750177
2022,Ambos,44,0.00332704184039763
2023,Ambos,44,0.00308793009384728
2024,Ambos,44,0.00302274546709579
2015,Ambos,45,0.003687394617483859
2016,Ambos,45,0.0036042496642420202
2017,Ambos,45,0.0035351899913226687
2018,Ambos,45,0.0034644175783229572
2019,Ambos,45,0.0033942404535536263
2020,Ambos,45,0.003334025852071835
2021,Ambos,45,0.0032739317996619624
2022,Ambos,45,0.00358040329544259
2023,Ambos,45,0.0032766352263204597
2024,Ambos,45,0.0032079128309410302
2015,Ambos,46,0.003979431369032076
2016,Ambos,46,0.0038864625895707497
2017,Ambos,46,0.0038133370143620606
2018,Ambos,46,0.0037387253883752417
2019,Ambos,46,0.003664213565218772
2020,Ambos,46,0.0035996608568419396
2021,Ambos,46,0.0035353804796422385
2022,Ambos,46,0.00384839154061325
2023,Ambos,46,0.0034827954697016603
2024,Ambos,46,0.00341021385181864
2015,Ambos,47,0.004291323444341211
2016,Ambos,47,0.004189858698865061
2017,Ambos,47,0.00411151192764995
2018,Ambos,47,0.004032511690891841
2019,Ambos,47,0.003953249918336985
2020,Ambos,47,0.003883943942257432
2021,Ambos,47,0.0038148654298797396
2022,Ambos,47,0.00412273274855321
2023,Ambos,47,0.00371295005049656
2024,Ambos,47,0.00363605290271123
2015,Ambos,48,0.004621951922970166
2016,Ambos,48,0.004514171056578675
2017,Ambos,48,0.004429170995952579
2018,Ambos,48,0.0043450465802502706
2019,Ambos,48,0.00426060613110595
2020,Ambos,48,0.0041861183121309625
2021,Ambos,48,0.004111535018757832
2022,Ambos,48,0.00440043966584419
2023,Ambos,48,0.00397245443109305
2024,Ambos,48,0.00389069460619844
2015,Ambos,49,0.004973626263280893
2016,Ambos,49,0.004861082810042309
2017,Ambos,49,0.004768258651869545
2018,Ambos,49,0.004678376925064077
2019,Ambos,49,0.004588347738840641
2020,Ambos,49,0.004508267821482399
2021,Ambos,49,0.004427640075415638
2022,Ambos,49,0.00468312498709552
2023,Ambos,49,0.00426593857960515
2024,Ambos,49,0.004178710266536881
2015,Ambos,50,0.0053522313547486045
2016,Ambos,50,0.0052350711565519
2017,Ambos,50,0.005133880279044122
2018,Ambos,50,0.005037930564772337
2019,Ambos,50,0.00494209111077578
2020,Ambos,50,0.004856077954495156
2021,Ambos,50,0.004768962021192194
2022,Ambos,50,0.00498063341280699
2023,Ambos,50,0.0045956577578691
2024,Ambos,50,0.00450236660942777
2015,Ambos,51,0.005759668394250978
2016,Ambos,51,0.005637094929976234
2017,Ambos,51,0.005527297019265944
2018,Ambos,51,0.005425070859746916
2019,Ambos,51,0.005323100602924819
2020,Ambos,51,0.0052308044408131546
2021,Ambos,51,0.0051371324729849385
2022,Ambos,51,0.00530960184851791
2023,Ambos,51,0.0049618092779451
2024,Ambos,51,0.0048619325381813495
2015,Ambos,52,0.006193324432205744
2016,Ambos,52,0.006064831856640598
2017,Ambos,52,0.005945944956519094
2018,Ambos,52,0.005837016579383523
2019,Ambos,52,0.005728301228058373
2020,Ambos,52,0.005629295930885584
2021,Ambos,52,0.005529378316872204
2022,Ambos,52,0.00568549091672297
2023,Ambos,52,0.00536330065527131
2024,Ambos,52,0.00525638988187409
2015,Ambos,53,0.00665402023739608
2016,Ambos,53,0.006518805316433807
2017,Ambos,53,0.006390416186419963
2018,Ambos,53,0.006274335685758915
2019,Ambos,53,0.006158156941457538
2020,Ambos,53,0.0060519926176865035
2021,Ambos,53,0.005946382994947756
2022,Ambos,53,0.006123041335975651
2023,Ambos,53,0.0057975831575863
2024,Ambos,53,0.00568326656487965
2015,Ambos,54,0.0071451180515666535
2016,Ambos,54,0.007002435620115951
2017,Ambos,54,0.0068642241707258175
2018,Ambos,54,0.006740573372280212
2019,Ambos,54,0.006616386102485222
2020,Ambos,54,0.006502644441254349
2021,Ambos,54,0.0063916882463524735
2022,Ambos,54,0.00662741198916185
2023,Ambos,54,0.00626167111627076
2024,Ambos,54,0.00613958262581623
2015,Ambos,55,0.0076787227788349365
2016,Ambos,55,0.007528135654263141
2017,Ambos,55,0.0073791374513089945
2018,Ambos,55,0.007247187269178831
2019,Ambos,55,0.0071140356071881464
2020,Ambos,55,0.006992092473638253
2021,Ambos,55,0.006875372886230488
2022,Ambos,55,0.00719433974730834
2023,Ambos,55,0.00675208555267196
2024,Ambos,55,0.0066217915402293406
2015,Ambos,56,0.008253681526019354
2016,Ambos,56,0.008094821430539094
2017,Ambos,56,0.007934725526728477
2018,Ambos,56,0.0077940570749001755
2019,Ambos,56,0.007651761376688136
2020,Ambos,56,0.007521223816248545
2021,Ambos,56,0.007398240705270164
2022,Ambos,56,0.00781287389971747
2023,Ambos,56,0.00726725766528919
2024,Ambos,56,0.00712817526599386
2015,Ambos,57,0.008859258239449838
2016,Ambos,57,0.008691449884403962
2017,Ambos,57,0.008521389485549426
2018,Ambos,57,0.008372243277753487
2019,Ambos,57,0.008221955467576005
2020,Ambos,57,0.008082896136165092
2021,Ambos,57,0.007953775867020578
2022,Ambos,57,0.00846509300812458
2023,Ambos,57,0.00780793623230094
2024,Ambos,57,0.00765925086055933
2015,Ambos,58,0.009494220761273731
2016,Ambos,58,0.009316695730665786
2017,Ambos,58,0.009138414199314722
2018,Ambos,58,0.008981293959272673
2019,Ambos,58,0.008824782595788415
2020,Ambos,58,0.008677461512695061
2021,Ambos,58,0.008542421668071827
2022,Ambos,58,0.00914154949483994
2023,Ambos,58,0.00838180214367803
2024,Ambos,58,0.008222431654081189
2015,Ambos,59,0.010170744041801398
2016,Ambos,59,0.009982657586671901
2017,Ambos,59,0.009797096297777566
2018,Ambos,59,0.009632054555175414
2019,Ambos,59,0.009470266944125958
2020,Ambos,59,0.009314615786050234
2021,Ambos,59,0.009173485469271162
2022,Ambos,59,0.00984316252677184
2023,Ambos,59,0.00900430971834933
2024,Ambos,59,0.00883286796960452
2015,Ambos,60,0.01090175620209597
2016,Ambos,60,0.010702577378719219
2017,Ambos,60,0.010510430853029122
2018,Ambos,60,0.010337475803082256
2019,Ambos,60,0.01017096863148
2020,Ambos,60,0.010007060717203574
2021,Ambos,60,0.009859939739007397
2022,Ambos,60,0.0105864865271896
2023,Ambos,60,0.00969903491666325
2024,Ambos,60,0.009513847538335661
2015,Ambos,61,0.01170896285812254
2016,Ambos,61,0.011497747679884335
2017,Ambos,61,0.011297515143931482
2018,Ambos,61,0.01111538322601914
2019,Ambos,61,0.010942585568784146
2020,Ambos,61,0.01076943770721742
2021,Ambos,61,0.01061518715789877
2022,Ambos,61,0.0114052402199544
2023,Ambos,61,0.010498469181137301
2024,Ambos,61,0.0102975962260954
2015,Ambos,62,0.012611558217072282
2016,Ambos,62,0.01238645823795051
2017,Ambos,62,0.012174113078725022
2018,Ambos,62,0.011979941876330117
2019,Ambos,62,0.011796979600597071
2020,Ambos,62,0.011612120431720094
2021,Ambos,62,0.011447710881174102
2022,Ambos,62,0.0123316416001443
2023,Ambos,62,0.0114285686299846
2024,Ambos,62,0.0112100416614036
2015,Ambos,63,0.013627375367475002
2016,Ambos,63,0.013386049488252684
2017,Ambos,63,0.013155915012520104
2018,Ambos,63,0.012945820695097525
2019,Ambos,63,0.012747264165623265
2020,Ambos,63,0.012547348681863826
2021,Ambos,63,0.012368678067423302
2022,Ambos,63,0.0133947162348562
2023,Ambos,63,0.0125057988292181
2024,Ambos,63,0.0122679555274697
2015,Ambos,64,0.014759348205250718
2016,Ambos,64,0.014499673573122936
2017,Ambos,64,0.014247248591758488
2018,Ambos,64,0.014017986707800459
2019,Ambos,64,0.013799466294021913
2020,Ambos,64,0.013581802367869244
2021,Ambos,64,0.013385525676915202
2022,Ambos,64,0.0146046685156664
2023,Ambos,64,0.013720956304178801
2024,Ambos,64,0.0134630203097344
2015,Ambos,65,0.01598302326505477
2016,Ambos,65,0.015703618029574016
2017,Ambos,65,0.015426448837421653
2018,Ambos,65,0.015176345901565866
2019,Ambos,65,0.014935720981305379
2020,Ambos,65,0.014698433816647353
2021,Ambos,65,0.014482817176951324
2022,Ambos,65,0.0159456991045945
2023,Ambos,65,0.015029024725116401
2024,Ambos,65,0.0147518334774784
2015,Ambos,66,0.017314200957426147
2016,Ambos,66,0.01701398848089466
2017,Ambos,66,0.016712061824813173
2018,Ambos,66,0.016440499328851717
2019,Ambos,66,0.01617756802439322
2020,Ambos,66,0.01592032419266777
2021,Ambos,66,0.01568496308183004
2022,Ambos,66,0.0173890143078045
2023,Ambos,66,0.0163688181329769
2024,Ambos,66,0.0160749431776726
2015,Ambos,67,0.018806451995696978
2016,Ambos,67,0.018483811754532592
2017,Ambos,67,0.018157858472734233
2018,Ambos,67,0.017863757519458307
2019,Ambos,67,0.017578264799445322
2020,Ambos,67,0.01730166665207689
2021,Ambos,67,0.01704603011506543
2022,Ambos,67,0.018891606204668
2023,Ambos,67,0.017665868334656998
2024,Ambos,67,0.0173594697900166
2015,Ambos,68,0.020487765259548776
2016,Ambos,68,0.020140895423447536
2017,Ambos,68,0.01979275598485184
2018,Ambos,68,0.01947521626479525
2019,Ambos,68,0.019167579684521163
2020,Ambos,68,0.01887301138581004
2021,Ambos,68,0.01859697732544647
2022,Ambos,68,0.0204308525968612
2023,Ambos,68,0.0188847753204589
2024,Ambos,68,0.0185702918582481
2015,Ambos,69,0.022355627232134256
2016,Ambos,69,0.02198254737083583
2017,Ambos,69,0.021613104952659612
2018,Ambos,69,0.02127096190466749
2019,Ambos,69,0.020941049446540273
2020,Ambos,69,0.020628987754067397
2021,Ambos,69,0.020332060215263358
2022,Ambos,69,0.0220196466094241
2023,Ambos,69,0.0200528524716773
2024,Ambos,69,0.019733285304582703
2015,Ambos,70,0.024368492491874245
2016,Ambos,70,0.023967669041818247
2017,Ambos,70,0.023576580565873487
2018,Ambos,70,0.023208511736456792
2019,Ambos,70,0.0228553972592745
2020,Ambos,70,0.022525681097643947
2021,Ambos,70,0.022206893751149415
2022,Ambos,70,0.0237079310018242
2023,Ambos,70,0.021256549327239
2024,Ambos,70,0.0209322569998305
2015,Ambos,71,0.0265342305458705
2016,Ambos,71,0.02610355084621499
2017,Ambos,71,0.025688276260078576
2018,Ambos,71,0.025292358002508987
2019,Ambos,71,0.024913925085149224
2020,Ambos,71,0.02456411834243472
2021,Ambos,71,0.02422170124566708
2022,Ambos,71,0.0255951239480547
2023,Ambos,71,0.0226545038922614
2024,Ambos,71,0.0223220059915996
2015,Ambos,72,0.028918358679009343
2016,Ambos,72,0.028454245523556698
2017,Ambos,72,0.02801061752626812
2018,Ambos,72,0.02758417189922498
2019,Ambos,72,0.027177528173254455
2020,Ambos,72,0.02680278632802959
2021,Ambos,72,0.02643434101318269
2022,Ambos,72,0.027779198573233
2023,Ambos,72,0.024398484400199
2024,Ambos,72,0.024051259161959902
2015,Ambos,73,0.031553522298589674
2016,Ambos,73,0.03105144219360721
2017,Ambos,73,0.030573587387447806
2018,Ambos,73,0.030113260079641175
2019,Ambos,73,0.029674582399051398
2020,Ambos,73,0.029268072251774597
2021,Ambos,73,0.028870515211896795
2022,Ambos,73,0.0303427881399102
2023,Ambos,73,0.0266181911579945
2024,Ambos,73,0.0262478256044769
2015,Ambos,74,0.03444280110634406
2016,Ambos,74,0.03389830510856024
2017,Ambos,74,0.03338079068116924
2018,Ambos,74,0.03288323239769366
2019,Ambos,74,0.032408834615486604
2020,Ambos,74,0.03196436105280533
2021,Ambos,74,0.031534683249526824
2022,Ambos,74,0.0333271424527511
2023,Ambos,74,0.029389091901179998
2024,Ambos,74,0.0289870110146135
2015,Ambos,75,0.03754883175091404
2016,Ambos,75,0.0369576298669561
2017,Ambos,75,0.03639624048602344
2018,Ambos,75,0.03585809465810838
2019,Ambos,75,0.035344703190341505
2020,Ambos,75,0.034858018633035524
2021,Ambos,75,0.034393466784770926
2022,Ambos,75,0.036692977431607605
2023,Ambos,75,0.0326748550508381
2024,Ambos,75,0.032235492789874795
2015,Ambos,76,0.04088511183436359
2016,Ambos,76,0.04024389442854898
2017,Ambos,76,0.03963614479931303
2018,Ambos,76,0.03905471254369466
2019,Ambos,76,0.03849993958506026
2020,Ambos,76,0.03796864786421676
2021,Ambos,76,0.03746708706374441
2022,Ambos,76,0.0403687392035002
2023,Ambos,76,0.036387297590709106
2024,Ambos,76,0.0359094200302556
2015,Ambos,77,0.04452875987784436
2016,Ambos,77,0.043834835161338515
2017,Ambos,77,0.043178595737337996
2018,Ambos,77,0.042551639272730625
2019,Ambos,77,0.041953374284891466
2020,Ambos,77,0.041374781860707456
2021,Ambos,77,0.04083424833650205
2022,Ambos,77,0.044250711308389
2023,Ambos,77,0.0403713707724283
2024,Ambos,77,0.0398593410946582
2015,Ambos,78,0.04852608595707108
2016,Ambos,78,0.04777722532902945
2017,Ambos,78,0.04707109927372763
2018,Ambos,78,0.04639664424718342
2019,Ambos,78,0.04575307974747878
2020,Ambos,78,0.045124997720872646
2021,Ambos,78,0.04454367425007475
2022,Ambos,78,0.0482835301137031
2023,Ambos,78,0.0445168396835708
2024,Ambos,78,0.0439785636485208
2015,Ambos,79,0.05289382063941188
2016,Ambos,79,0.05208676135291265
2017,Ambos,79,0.05132834287510289
2018,Ambos,79,0.05060356599782451
2019,Ambos,79,0.0499120840486183
2020,Ambos,79,0.049231434389603236
2021,Ambos,79,0.04860682448107318
2022,Ambos,79,0.052538095564676
2023,Ambos,79,0.0488685342244821
2024,Ambos,79,0.0483100902569621
2022,Ambos,80,0.0571818364019432
2023,Ambos,80,0.0535990319913792
2024,Ambos,80,0.053020851912439
2022,Ambos,81,0.0625309094582323
2023,Ambos,81,0.0590910890940848
2024,Ambos,81,0.0584825119009422
2022,Ambos,82,0.0688947470173193
2023,Ambos,82,0.06573331823780851
2024,Ambos,82,0.0650732456201068
2022,Ambos,83,0.0764636898035759
2023,Ambos,83,0.07377927551102109
2024,Ambos,83,0.0730407824126687
2022,Ambos,84,0.0852644503175731
2023,Ambos,84,0.0832746890228687
2024,Ambos,84,0.08243098356544169
2022,Ambos,85,0.0949289699295663
2023,Ambos,85,0.0937319988482492
2024,Ambos,85,0.0927720134909459
2022,Ambos,86,0.104900178807203
2023,Ambos,86,0.104384680431042
2024,Ambos,86,0.103321099292632
2022,Ambos,87,0.114518026308575
2023,Ambos,87,0.114308582485173
2024,Ambos,87,0.11318112600602499
2022,Ambos,88,0.123259303920141
2023,Ambos,88,0.122779117662479
2024,Ambos,88,0.12164666061927999
2022,Ambos,89,0.13117088737132
2023,Ambos,89,0.129888969486915
2024,Ambos,89,0.128804200956107
2015,F,0,0.012652295184575488
2016,F,0,0.012182897085899312
2017,F,0,0.011752286160826334
2018,F,0,0.011350749921493698
2019,F,0,0.010978347457596682
2020,F,0,0.010635134005488654
2021,F,0,0.010321160842865792
2022,F,0,0.0116863814825563
2023,F,0,0.011417944179824101
2024,F,0,0.0112126056882388
2015,F,1,0.0008212611944804513
2016,F,1,0.0007918324946403278
2017,F,1,0.0007690686961330778
2018,F,1,0.000762191573225362
2019,F,1,0.0007155171676348852
2020,F,1,0.0007098225807186696
2021,F,1,0.0006862049051782598
2022,F,1,0.000867135794186922
2023,F,1,0.0007256717059386389
2024,F,1,0.000713390408019411
2015,F,2,0.0005168384419753061
2016,F,2,0.000496307720559342
2017,F,2,0.000486631861598834
2018,F,2,0.0004758332999793438
2019,F,2,0.0004565645769439701
2020,F,2,0.0004457274113546908
2021,F,2,0.0004361303958581602
2022,F,2,0.000630782216515377
2023,F,2,0.000566925545240839
2024,F,2,0.000557264663785731
2015,F,3,0.00038716009455289703
2016,F,3,0.00037088394143478144
2017,F,3,0.00036594734585128927
2018,F,3,0.0003546939723241968
2019,F,3,0.0003452771059559092
2020,F,3,0.00033354121686091374
2021,F,3,0.00032894336313777164
2022,F,3,0.000464478477879947
2023,F,3,0.000445971499358775
2024,F,3,0.000438300714077765
2015,F,4,0.00031363470091560857
2016,F,4,0.0002999436132136477
2017,F,4,0.000297372353385723
2018,F,4,0.0002863311625953916
2019,F,4,0.00028176628909207577
2020,F,4,0.00027008372585788016
2021,F,4,0.0002679346848327722
2022,F,4,0.000350844178106675
2023,F,4,0.00035597093974180797
2024,F,4,0.00034975939180717405
2015,F,5,0.0002663093701142041
2016,F,5,0.0002543763521796129
2017,F,5,0.00025317403125687133
2018,F,5,0.00024250273023021637
2019,F,5,0.00024066777161311454
2020,F,5,0.00022935519734821783
2021,F,5,0.00022857201858994002
2022,F,5,0.000275747829098691
2023,F,5,0.000290782567834394
2024,F,5,0.000285596068698162
2015,F,6,0.00023398481284218884
2016,F,6,0.0002233200808623485
2017,F,6,0.0002229757024510888
2018,F,6,0.0002126890234139832
2019,F,6,0.00021245379524276016
2020,F,6,0.00020165902269458444
2021,F,6,0.00020165649948417552
2022,F,6,0.000228870543322462
2023,F,6,0.000245425743233704
2024,F,6,0.00024090938312601202
2015,F,7,0.00021173002964609773
2016,F,7,0.0002020007853141675
2017,F,7,0.00020221322401736848
2018,F,7,0.00019227420517683414
2019,F,7,0.0001929049809943645
2020,F,7,0.0001827452579096098
2021,F,7,0.00018312585699043873
2022,F,7,0.00020276739990201
2023,F,7,0.000215731432637284
2024,F,7,0.000211598123249959
2015,F,8,0.00019739824393616637
2016,F,8,0.0001883446383973939
2017,F,8,0.00018891199520059042
2018,F,8,0.00017925820395287662
2019,F,8,0.00018015806199664814
2020,F,8,0.00017078554825176808
2021,F,8,0.0001711933925774473
2022,F,8,0.000192100989870586
2023,F,8,0.000198323143711191
2024,F,8,0.000194344695652254
2015,F,9,0.0001904635123429817
2016,F,9,0.00018184716669512305
2017,F,9,0.0001826116841622238
2018,F,9,0.00017316024103734625
2019,F,9,0.00017370797885752265
2020,F,9,0.0001653633494013318
2021,F,9,0.00016537117805390518
2022,F,9,0.000194016767429369
2023,F,9,0.000191062166271221
2024,F,9,0.000187045101312884
2015,F,10,0.00019168256701589738
2016,F,10,0.00018324265808946117
2017,F,10,0.00018405566856007132
2018,F,10,0.00017469791386596386
2019,F,10,0.00017409861118422636
2020,F,10,0.00016717661617194056
2021,F,10,0.00016614712604827661
2022,F,10,0.000206460584023678
2023,F,10,0.000192529748346664
2024,F,10,0.000188309897458208
2015,F,11,0.0002031680760558379
2016,F,11,0.00019457026790542392
2017,F,11,0.00019526205780664017
2018,F,11,0.00018584964670318276
2019,F,11,0.00018294590613113636
2020,F,11,0.00017809065167902793
2021,F,11,0.00017497262207778842
2022,F,11,0.000228375812969404
2023,F,11,0.00020220554613934
2024,F,11,0.00019763346684979998
2015,F,12,0.00023893878210547672
2016,F,12,0.00022969767222780695
2017,F,12,0.00023003793135799628
2018,F,12,0.0002203542760777538
2019,F,12,0.0002133451235353308
2020,F,12,0.00021159295258192586
2021,F,12,0.0002046172114604286
2022,F,12,0.000258678972939434
2023,F,12,0.00021993822525025
2024,F,12,0.000214877456634181
2015,F,13,0.000285003244261037
2016,F,13,0.00027439481345239774
2017,F,13,0.0002740580751611334
2018,F,13,0.00026380031578326224
2019,F,13,0.00024982932039118816
2020,F,13,0.00025285686113794446
2021,F,13,0.0002391202365037495
2022,F,13,0.000295934936531508
2023,F,13,0.000245858201782622
2024,F,13,0.000240187493561446
2015,F,14,0.000331036307188373
2016,F,14,0.00031793753415640836
2017,F,14,0.00031642664300634947
2018,F,14,0.0003051636960610905
2019,F,14,0.00027965516164572406
2020,F,14,0.0002901567827098383
2021,F,14,0.00026502535780790565
2022,F,14,0.000338574237791777
2023,F,14,0.00027962424676485396
2024,F,14,0.00027324046286543403
2015,F,15,0.00037067831927604505
2016,F,15,0.00036196347076849903
2017,F,15,0.00035527296741895013
2018,F,15,0.0003451443629013739
2019,F,15,0.0003358433332356365
2020,F,15,0.0003298723954193021
2021,F,15,0.0003191572398987223
2022,F,15,0.00038433688649291
2023,F,15,0.00032015903788115
2024,F,15,0.000312988179646866
2015,F,16,0.0004216742646853357
2016,F,16,0.0004133741622603661
2017,F,16,0.0004037837673661387
2018,F,16,0.0003934908534450787
2019,F,16,0.00038509028797073557
2020,F,16,0.0003758976003739963
2021,F,16,0.00036550378374277704
2022,F,16,0.000431179503871958
2023,F,16,0.000364973319389916
2024,F,16,0.000356971004567547
2015,F,17,0.0004629998150093369
2016,F,17,0.0004541523041940958
2017,F,17,0.00044275821893796326
2018,F,17,0.0004325138506251452
2019,F,17,0.0004239165518292616
2020,F,17,0.00041252012092877496
2021,F,17,0.0004025257491077532
2022,F,17,0.000476861279648395
2023,F,17,0.000410315528995519
2024,F,17,0.000401469267756353
2015,F,18,0.0004893226418847614
2016,F,18,0.0004786301440254305
2017,F,18,0.0004670305641133999
2018,F,18,0.0004571330282648353
2019,F,18,0.00044674078644678725
2020,F,18,0.0004347413426049927
2021,F,18,0.0004251443362191664
2022,F,18,0.000519712065257177
2023,F,18,0.000452752037545754
2024,F,18,0.000443073084003873
2015,F,19,0.0005048138377450604
2016,F,19,0.0004913912815446779
2017,F,19,0.00048068791558312493
2018,F,19,0.00047127246668826145
2019,F,19,0.00045798453406616844
2020,F,19,0.0004465647430804875
2021,F,19,0.00043728469221790135
2022,F,19,0.00055851928811939
2023,F,19,0.000489330180106192
2024,F,19,0.00047885055514424504
2015,F,20,0.0005190538828514409
2016,F,20,0.0005025038526265068
2017,F,20,0.000493066033226769
2018,F,20,0.00048434896833158083
2019,F,20,0.0004677980524488216
2020,F,20,0.00045708147650219433
2021,F,20,0.0004483645488116762
2022,F,20,0.00059328843537416
2023,F,20,0.000520055239506567
2024,F,20,0.000508816391100008
2015,F,21,0.0005375437061084105
2016,F,21,0.0005182577337882854
2017,F,21,0.0005095590892229128
2018,F,21,0.0005012583565154635
2019,F,21,0.00048197161514392824
2020,F,21,0.0004715784917349704
2021,F,21,0.0004632778558870788
2022,F,21,0.000624673897084862
2023,F,21,0.00054639380988454
2024,F,21,0.000534440322746453
2015,F,22,0.0005573652282399396
2016,F,22,0.0005362262408448924
2017,F,22,0.000527382993756828
2018,F,22,0.0005185368465684591
2019,F,22,0.0004973971835266806
2020,F,22,0.00048740526146671216
2021,F,22,0.0004785588809657461
2022,F,22,0.000653757328330576
2023,F,22,0.000570857553496743
2024,F,22,0.000558227283789532
2015,F,23,0.0005799213024768656
2016,F,23,0.0005582293456977785
2017,F,23,0.0005479397090911453
2018,F,23,0.0005372498146028582
2019,F,23,0.0005155571188243531
2020,F,23,0.0005059625218805687
2021,F,23,0.0004952718628273543
2022,F,23,0.000681765943868119
2023,F,23,0.000596162608191963
2024,F,23,0.0005828801074127549
2015,F,24,0.0006053315339062417
2016,F,24,0.000584053513554325
2017,F,24,0.0005713496875487479
2018,F,24,0.0005579299139048744
2019,F,24,0.000536650957899273
2020,F,24,0.0005273717800484621
2021,F,24,0.0005139507602991512
2022,F,24,0.000709371228279045
2023,F,24,0.000623606539444101
2024,F,24,0.000609684034948623
2015,F,25,0.0006320625874045273
2016,F,25,0.0006113531826474608
2017,F,25,0.0005960826419634709
2018,F,25,0.0005794017082777058
2019,F,25,0.0005588242117443624
2020,F,25,0.0005499732506310571
2021,F,25,0.0005334240313869374
2022,F,25,0.000737068040486103
2023,F,25,0.000653929473257304
2024,F,25,0.000639367034571473
2015,F,26,0.0006607742540278968
2016,F,26,0.0006403900965690993
2017,F,26,0.0006227987022069922
2018,F,26,0.0006032183839521263
2019,F,26,0.00058312894077064
2020,F,26,0.0005745310300865887
2021,F,26,0.0005552455805932819
2022,F,26,0.000764967430381768
2023,F,26,0.000686655296812606
2024,F,26,0.000671443992441196
2015,F,27,0.0006942285107084838
2016,F,27,0.0006742465544752492
2017,F,27,0.0006542569148633046
2018,F,27,0.0006328722855836191
2019,F,27,0.0006131360859490314
2020,F,27,0.0006040426875094292
2021,F,27,0.0005829042633161666
2022,F,27,0.000793189262925321
2023,F,27,0.0007209471183464729
2024,F,27,0.000705068202325566
2015,F,28,0.0007335155611342017
2016,F,28,0.0007139304799233394
2017,F,28,0.0006915463921773505
2018,F,28,0.0006699546146931584
2019,F,28,0.0006502700795330751
2020,F,28,0.0006396805911817112
2021,F,28,0.0006179897836599575
2022,F,28,0.000822363649729993
2023,F,28,0.000756304169249557
2024,F,28,0.000739726002740355
2015,F,29,0.0007781912260203427
2016,F,29,0.0007589203698377268
2017,F,29,0.0007342235738879324
2018,F,29,0.0007135262616282297
2019,F,29,0.0006936766113110561
2020,F,29,0.0006808393414622939
2021,F,29,0.000659563356553596
2022,F,29,0.000853463677279011
2023,F,29,0.000792447672557848
2024,F,29,0.000775122660979819
2015,F,30,0.0008289175340253578
2016,F,30,0.0008100756283070999
2017,F,30,0.000782822810222941
2018,F,30,0.0007633920330778435
2019,F,30,0.0007432753477499752
2020,F,30,0.0007280078917289234
2021,F,30,0.0007071695874248247
2022,F,30,0.000888146142895359
2023,F,30,0.0008299261747723879
2024,F,30,0.0008117869938089059
2015,F,31,0.0008835032677691015
2016,F,31,0.0008649171236393291
2017,F,31,0.0008352540356622158
2018,F,31,0.0008165660218369435
2019,F,31,0.000796288669273788
2020,F,31,0.0007787009423686814
2021,F,31,0.0007580266523968354
2022,F,31,0.000928376427439892
2023,F,31,0.000869698661447978
2024,F,31,0.000850655144341853
2015,F,32,0.0009390593434493071
2016,F,32,0.0009199797300420277
2017,F,32,0.000888862790354773
2018,F,32,0.0008700333699378375
2019,F,32,0.0008498052198231529
2020,F,32,0.0008298192281421852
2021,F,32,0.0008095951363434525
2022,F,32,0.000975825962619144
2023,F,32,0.000913091293775797
2024,F,32,0.0008930283405114349
2015,F,33,0.0009943365400258593
2016,F,33,0.0009737611112911024
2017,F,33,0.0009424830533050617
2018,F,33,0.0009222084068643062
2019,F,33,0.0009023236180048106
2020,F,33,0.0008799428858828814
2021,F,33,0.0008604571793128754
2022,F,33,0.00103203129620681
2023,F,33,0.0009616925977773199
2024,F,33,0.000940466768521149
2015,F,34,0.0010519681257231668
2016,F,34,0.0010291441859588608
2017,F,34,0.0009985904563023346
2018,F,34,0.000975901227864186
2019,F,34,0.0009564936099245936
2020,F,34,0.0009318002732003875
2021,F,34,0.000913103932304464
2022,F,34,0.00109733843580915
2023,F,34,0.00101711850503303
2024,F,34,0.000994556426782618
2015,F,35,0.001116653387267422
2016,F,35,0.0010911375195632772
2017,F,35,0.0010615845052225766
2018,F,35,0.0010361980492600315
2019,F,35,0.0010172242520994257
2020,F,35,0.0009898458144875235
2021,F,35,0.0009722730788889616
2022,F,35,0.00117147393225058
2023,F,35,0.00108112621567653
2024,F,35,0.00105702148091762
2015,F,36,0.001191718437396914
2016,F,36,0.0011635638067158882
2017,F,36,0.0011345992961935406
2018,F,36,0.001106734392238675
2019,F,36,0.0010878588860208044
2020,F,36,0.0010579123341668856
2021,F,36,0.001041014744685207
2022,F,36,0.00125340083660924
2023,F,36,0.00115526963277582
2024,F,36,0.0011293870949987
2015,F,37,0.0012772249019219971
2016,F,37,0.001246772035636339
2017,F,37,0.001217720764823069
2018,F,37,0.0011875096324790771
2019,F,37,0.0011681923613990656
2020,F,37,0.0011368413236865587
2021,F,37,0.0011189127610445012
2022,F,37,0.00134168294451107
2023,F,37,0.00124103529019497
2024,F,37,0.00121311389442219
2015,F,38,0.0013748299798860483
2016,F,38,0.0013426679104370396
2017,F,38,0.0013125154496704701
2018,F,38,0.001280255075787743
2019,F,38,0.0012597848392969931
2020,F,38,0.0012286120318070679
2021,F,38,0.0012073539655152793
2022,F,38,0.00143612658001182
2023,F,38,0.00133903844243432
2024,F,38,0.00130881379418528
2015,F,39,0.0014853944872087826
2016,F,39,0.0014518713356359424
2017,F,39,0.00141977837570682
2018,F,39,0.0013856839205270953
2019,F,39,0.0013634395105685446
2020,F,39,0.0013334622245670241
2021,F,39,0.0013072342186397292
2022,F,39,0.00153739571896268
2023,F,39,0.0014492151814687998
2024,F,39,0.0014164390043996699
2015,F,40,0.0016058378290230734
2016,F,40,0.0015710185872298697
2017,F,40,0.0015367901185060668
2018,F,40,0.0015005793223785838
2019,F,40,0.0014763352034087138
2020,F,40,0.0014480499524677749
2021,F,40,0.001416135646440358
2022,F,40,0.00164822849771669
2023,F,40,0.00157005979631098
2024,F,40,0.0015345368076446599
2015,F,41,0.0017396456986763437
2016,F,41,0.001703098482035069
2017,F,41,0.0016666526074640413
2018,F,41,0.0016281378060944553
2019,F,41,0.0016016741106108087
2020,F,41,0.0015743982110635445
2021,F,41,0.0015372673817818812
2022,F,41,0.00177272912163887
2023,F,41,0.00169890844727703
2024,F,41,0.0016605263566681402
2015,F,42,0.0018947095008070413
2016,F,42,0.0018556887353315405
2017,F,42,0.0018164142265157356
2018,F,42,0.0017760069824307486
2019,F,42,0.0017467119708476162
2020,F,42,0.0017188191550294625
2021,F,42,0.0016774865298128374
2022,F,42,0.00191448435627137
2023,F,42,0.00183329150040398
2024,F,42,0.0017920108012027501
2015,F,43,0.0020744763426861932
2016,F,43,0.002031977461253106
2017,F,43,0.00198917249634676
2018,F,43,0.0019474476920986826
2019,F,43,0.001914619487464496
2020,F,43,0.001883803425670558
2021,F,43,0.001839870904968741
2022,F,43,0.00207669183367792
2023,F,43,0.00197086365982862
2024,F,43,0.0019267086381065902
2015,F,44,0.0022760525936806747
2016,F,44,0.0022293188646287823
2017,F,44,0.0021824452427624957
2018,F,44,0.0021396650285638043
2019,F,44,0.0021027656606609378
2020,F,44,0.002067298761503333
2021,F,44,0.002021954132761021
2022,F,44,0.00225897134282745
2023,F,44,0.00211172791121232
2024,F,44,0.00206471270648201
2015,F,45,0.00249721886055811
2016,F,45,0.0024455620975970295
2017,F,45,0.002394154089484543
2018,F,45,0.0023505085766941957
2019,F,45,0.0023089452316511242
2020,F,45,0.002268099669370462
2021,F,45,0.002221356153168756
2022,F,45,0.0024579358861882
2023,F,45,0.0022578679049571303
2024,F,45,0.00220794003272205
2015,F,46,0.002730865635154701
2016,F,46,0.0026742840252281792
2017,F,46,0.002618260970798259
2018,F,46,0.002573158807026368
2019,F,46,0.0025268215992429502
2020,F,46,0.0024808670286560583
2021,F,46,0.00243232034760227
2022,F,46,0.00266751386151826
2023,F,46,0.00241325738109033
2024,F,46,0.00236024532843042
2015,F,47,0.002971047056873113
2016,F,47,0.0029102690930855163
2017,F,47,0.002849959134388976
2018,F,47,0.002801908120550007
2019,F,47,0.002751327400993123
2020,F,47,0.0027007276391968903
2021,F,47,0.0026506429088430394
2022,F,47,0.00287938417925738
2023,F,47,0.0025834474302419
2024,F,47,0.0025270208628361203
2015,F,48,0.0032139626990895973
2016,F,48,0.003150130665291689
2017,F,48,0.0030861110976734877
2018,F,48,0.0030331001068650077
2019,F,48,0.0029791376277950215
2020,F,48,0.0029247749256348663
2021,F,48,0.0028734117407181294
2022,F,48,0.00308919941213495
2023,F,48,0.00277302062828304
2024,F,48,0.00271273275624551
2015,F,49,0.0034647083573978877
2016,F,49,0.003398432951169347
2017,F,49,0.0033310531535648913
2018,F,49,0.0032715673362413706
2019,F,49,0.0032147030463257507
2020,F,49,0.0031571462194117847
2021,F,49,0.0031045466908266547
2022,F,49,0.00329626578487057
2023,F,49,0.0029859650406838497
2024,F,49,0.0029212818894909
2015,F,50,0.0037351945832112925
2016,F,50,0.00366676905693237
2017,F,50,0.003595879820134822
2018,F,50,0.0035289352788301334
2019,F,50,0.003469359486478857
2020,F,50,0.003408548301789354
2021,F,50,0.0033547057745430394
2022,F,50,0.00350707799312722
2023,F,50,0.0032241520597889
2024,F,50,0.00315452818325367
2015,F,51,0.004030786672364183
2016,F,51,0.003959226064466661
2017,F,51,0.003884362063980348
2018,F,51,0.003810046915434103
2019,F,51,0.0037470593070042216
2020,F,51,0.003682416330729071
2021,F,51,0.00362683993926678
2022,F,51,0.00373407118660881
2023,F,51,0.00348766479605781
2024,F,51,0.0034126076790181397
2015,F,52,0.004347303352567634
2016,F,52,0.004270372593185408
2017,F,52,0.004191168402384041
2018,F,52,0.004110318885755168
2019,F,52,0.004042424897278975
2020,F,52,0.003973391752611456
2021,F,52,0.003914980960938918
2022,F,52,0.00398966372543657
2023,F,52,0.0037758294063137397
2024,F,52,0.0036949086445820897
2015,F,53,0.004686615621112376
2016,F,53,0.0046012779157712375
2017,F,53,0.004517256423997603
2018,F,53,0.004431283700443301
2019,F,53,0.004356453150628767
2020,F,53,0.004282280495799604
2021,F,53,0.004219566135509586
2022,F,53,0.00428653327789072
2023,F,53,0.00408715623801938
2024,F,53,0.00400001298266225
2015,F,54,0.005052535515197637
2016,F,54,0.00495649833903719
2017,F,54,0.004867147392615853
2018,F,54,0.004776872774578898
2019,F,54,0.004693576392888829
2020,F,54,0.0046136249715134124
2021,F,54,0.004545339215736819
2022,F,54,0.00463133614243894
2023,F,54,0.00442068342290006
2024,F,54,0.00432696882204279
2015,F,55,0.0054546985759729
2016,F,55,0.00534660054608176
2017,F,55,0.005251287583304773
2018,F,55,0.005156919626859587
2019,F,55,0.005064105411848799
2020,F,55,0.004977743708527902
2021,F,55,0.004903262315971643
2022,F,55,0.00502514472110194
2023,F,55,0.0047759791034391805
2024,F,55,0.00467529156608104
2015,F,56,0.005894051924741594
2016,F,56,0.005774068474004945
2017,F,56,0.005672221378035559
2018,F,56,0.0055726681054012826
2019,F,56,0.005470425856828945
2020,F,56,0.005377382016961822
2021,F,56,0.005296277987674955
2022,F,56,0.00546480979614307
2023,F,56,0.0051544626119978
2024,F,56,0.005046277000866579
2015,F,57,0.006365210524504338
2016,F,57,0.006234428263446132
2017,F,57,0.006125593504246999
2018,F,57,0.006018791310352498
2019,F,57,0.005908089970279613
2020,F,57,0.0058084707180694264
2021,F,57,0.005719875971387766
2022,F,57,0.00594271548048005
2023,F,57,0.00555968110598867
2024,F,57,0.00544327470358345
2015,F,58,0.006869169904237347
2016,F,58,0.006729481682969869
2017,F,58,0.0066132098400000505
2018,F,58,0.006496339512331373
2019,F,58,0.0063787854971711555
2020,F,58,0.0062728959862498115
2021,F,58,0.006175890701802917
2022,F,58,0.00645571939783929
2023,F,58,0.00599931757047844
2024,F,58,0.00587373533963557
2015,F,59,0.007415578403921951
2016,F,59,0.007268133263743355
2017,F,59,0.007143720940133704
2018,F,59,0.0070145865435492505
2019,F,59,0.006891108715721593
2020,F,59,0.00677889049355777
2021,F,59,0.006672626547846675
2022,F,59,0.00700614505889369
2023,F,59,0.006485803938543419
2024,F,59,0.0063498197615681805
2015,F,60,0.00801489135278954
2016,F,60,0.00785959719393761
2017,F,60,0.007726549393933099
2018,F,60,0.007583564383352285
2019,F,60,0.007454162240255372
2020,F,60,0.007335299043282205
2021,F,60,0.0072189813824270815
2022,F,60,0.00760502663426214
2023,F,60,0.00703627975976686
2024,F,60,0.0068884025723355705
2015,F,61,0.008682610592605495
2016,F,61,0.008517995032439482
2017,F,61,0.008375010828104339
2018,F,61,0.00821805763066538
2019,F,61,0.008081386952386062
2020,F,61,0.007954734928378298
2021,F,61,0.00782770751351252
2022,F,61,0.00827338905680408
2023,F,61,0.00767319613299511
2024,F,61,0.00751168471937314
2015,F,62,0.009432279735907783
2016,F,62,0.009256391413674769
2017,F,62,0.009100885560838073
2018,F,62,0.008930942256681113
2019,F,62,0.00878489539964976
2020,F,62,0.00864848063875371
2021,F,62,0.00851018925550898
2022,F,62,0.00903166831688185
2023,F,62,0.00841434660961312
2024,F,62,0.008237422854261031
2015,F,63,0.010276928894874315
2016,F,63,0.010087076758275595
2017,F,63,0.009915740502139246
2018,F,63,0.009734577329207352
2019,F,63,0.009576254106977811
2020,F,63,0.00942749583975238
2021,F,63,0.009277434675022365
2022,F,63,0.00989849044331274
2023,F,63,0.00927033311648272
2024,F,63,0.00907649195288426
2015,F,64,0.01122085046257458
2016,F,64,0.011014596197815606
2017,F,64,0.010824569081288586
2018,F,64,0.010633006572554332
2019,F,64,0.01045986842677947
2020,F,64,0.010296464042192095
2021,F,64,0.010133983708277757
2022,F,64,0.0108806110117477
2023,F,64,0.0102328683171168
2024,F,64,0.0100214309540423
2015,F,65,0.012251046034139906
2016,F,65,0.012027400394057043
2017,F,65,0.01181726781473227
2018,F,65,0.011615678157293943
2019,F,65,0.011426470104344432
2020,F,65,0.01124722708290314
2021,F,65,0.011071347284200247
2022,F,65,0.0119676587174875
2023,F,65,0.0112668173626734
2024,F,65,0.0110386402083191
2015,F,66,0.013381282552881625
2016,F,66,0.013139222297307298
2017,F,66,0.01290799656662445
2018,F,66,0.012694254978735924
2019,F,66,0.01248810376950862
2020,F,66,0.012292019426447606
2021,F,66,0.012101601063524151
2022,F,66,0.0131405811326455
2023,F,66,0.0123251330911908
2024,F,66,0.0120827455316795
2015,F,67,0.014649313757967925
2016,F,67,0.014386122131285319
2017,F,67,0.014131771151799418
2018,F,67,0.013901033558181163
2019,F,67,0.013676070675685539
2020,F,67,0.013461124131015263
2021,F,67,0.013255061623076967
2022,F,67,0.0143710643954799
2023,F,67,0.013351817009479
2024,F,67,0.0130992974700736
2015,F,68,0.01607637792413994
2016,F,68,0.015788721192143997
2017,F,68,0.01550900193736318
2018,F,68,0.015254540081955538
2019,F,68,0.015008660640737342
2020,F,68,0.014772527297546783
2021,F,68,0.014549547944478549
2022,F,68,0.0156460203291078
2023,F,68,0.0143233188881917
2024,F,68,0.0140650014376008
2015,F,69,0.017663684709308788
2016,F,69,0.017348545356790496
2017,F,69,0.017041348368976524
2018,F,69,0.01675764567430139
2019,F,69,0.016488734500900923
2020,F,69,0.016229188692505867
2021,F,69,0.01598771328733902
2022,F,69,0.0169794487986109
2023,F,69,0.0152682162380979
2024,F,69,0.0150069755663418
2015,F,70,0.01938024031509386
2016,F,70,0.019035726523647566
2017,F,70,0.018699420191250867
2018,F,70,0.018383764266918023
2019,F,70,0.01809038351629485
2020,F,70,0.01780590267480226
2021,F,70,0.017545068764810712
2022,F,70,0.018414776235314
2023,F,70,0.0162651709947669
2024,F,70,0.0160011776355681
2015,F,71,0.021241195395912033
2016,F,71,0.020865776826929947
2017,F,71,0.020498844634668233
2018,F,71,0.020150680976502106
2019,F,71,0.019830999909871572
2020,F,71,0.01951996245192067
2021,F,71,0.019237702232444486
2022,F,71,0.020035589850291
2023,F,71,0.0174552601521636
2024,F,71,0.0171847024742941
2015,F,72,0.023308387009279036
2016,F,72,0.022899625408055707
2017,F,72,0.022500069474519557
2018,F,72,0.022118387661168273
2019,F,72,0.02176920176213106
2020,F,72,0.021428976641400477
2021,F,72,0.021120719387363898
2022,F,72,0.0219277282376146
2023,F,72,0.018978421597210398
2024,F,72,0.0186941493775785
2015,F,73,0.02561505961055465
2016,F,73,0.02517020398185909
2017,F,73,0.024735760730054884
2018,F,73,0.024320167310497538
2019,F,73,0.023937491504267817
2020,F,73,0.023564923677865706
2021,F,73,0.02322460202223792
2022,F,73,0.0241687615528425
2023,F,73,0.020962717859953302
2024,F,73,0.0206551332483429
2015,F,74,0.028162852795547477
2016,F,74,0.027679047733044727
2017,F,74,0.02720730732457037
2018,F,74,0.02675689563412538
2019,F,74,0.02633687778724635
2020,F,74,0.025928823933844193
2021,F,74,0.025550879431428794
2022,F,74,0.0268060804932892
2023,F,74,0.023495610542852
2024,F,74,0.023154185068632302
2015,F,75,0.030900525595770764
2016,F,75,0.030374998434354872
2017,F,75,0.029863611559728637
2018,F,75,0.02937638882949158
2019,F,75,0.028916154916289002
2020,F,75,0.028470123290250917
2021,F,75,0.028051128390137865
2022,F,75,0.0298229447713782
2023,F,75,0.026568081725442
2024,F,75,0.0261845562157535
2015,F,76,0.0338499418484635
2016,F,76,0.033279941690753004
2017,F,76,0.03272645910803611
2018,F,76,0.03219957706886279
2019,F,76,0.031696522511955934
2020,F,76,0.03121003153647869
2021,F,76,0.030747407193582335
2022,F,76,0.0331732638780334
2023,F,76,0.0301175864208934
2024,F,76,0.0296877133445698
2015,F,77,0.03711215664992847
2016,F,77,0.036494483012017215
2017,F,77,0.035895884520333744
2018,F,77,0.0353263343857221
2019,F,77,0.03477671868693655
2020,F,77,0.03424621712601265
2021,F,77,0.03373568046627865
2022,F,77,0.0367774801966346
2023,F,77,0.0340026886734312
2024,F,77,0.033528416783671
2015,F,78,0.04074501555283514
2016,F,78,0.04007597418626897
2017,F,78,0.03942865919989637
2018,F,78,0.038812682023328944
2019,F,78,0.03821213632271385
2020,F,78,0.037633370496524356
2021,F,78,0.03707005986911
2022,F,78,0.0405889081019192
2023,F,78,0.0381032101504349
2024,F,78,0.037591314153317
2015,F,79,0.04475552866086849
2016,F,79,0.04403083068766489
2017,F,79,0.04333068370138123
2018,F,79,0.0426641064842776
2019,F,79,0.04200779336891009
2020,F,79,0.04137611332040273
2021,F,79,0.04075471153380378
2022,F,79,0.0446607666868149
2023,F,79,0.0424276296879231
2024,F,79,0.0418843852028037
2022,F,80,0.0491298074370481
2023,F,80,0.0471045082499516
2024,F,80,0.046531231618302894
2022,F,81,0.0542680607910683
2023,F,81,0.0524760039161566
2024,F,81,0.0518621510818272
2022,F,82,0.0603546756458177
2023,F,82,0.0589114748880343
2024,F,82,0.0582344492149372
2022,F,83,0.06758118982351
2023,F,83,0.0666828450705292
2024,F,83,0.06591211089451311
2022,F,84,0.0760031875913069
2023,F,84,0.07588554792711391
2024,F,84,0.0749888341882305
2022,F,85,0.0853296242712846
2023,F,85,0.0861272988548425
2024,F,85,0.0850881691678523
2022,F,86,0.0950878643547718
2023,F,86,0.0967414384110175
2024,F,86,0.0955693481876628
2022,F,87,0.104687154339699
2023,F,87,0.106873636558975
2024,F,87,0.105609705096444
2022,F,88,0.11363775761928
2023,F,88,0.115819858831733
2024,F,88,0.114529408754882
2022,F,89,0.121953525850652
2023,F,89,0.123619089295501
2024,F,89,0.122362917798103
2015,M,0,0.014933226423461893
2016,M,0,0.014348841397966172
2017,M,0,0.013802894001717358
2018,M,0,0.013305250890477183
2019,M,0,0.012846263994316251
2020,M,0,0.012426023222106014
2021,M,0,0.012044611606014223
2022,M,0,0.0139403162451513
2023,M,0,0.013471919852943399
2024,M,0,0.0132479791403485
2015,M,1,0.0009722605414830504
2016,M,1,0.0009648617975388255
2017,M,1,0.0009197647677328185
2018,M,1,0.000912361090170241
2019,M,1,0.0008834890959994146
2020,M,1,0.0008605361279405021
2021,M,1,0.0008308893580193867
2022,M,1,0.000935239114965695
2023,M,1,0.000795731189258227
2024,M,1,0.000783850401769456
2015,M,2,0.0006414541511481484
2016,M,2,0.0006308461050109395
2017,M,2,0.0006111797913898725
2018,M,2,0.0006005572748665939
2019,M,2,0.0005800855178451802
2020,M,2,0.0005702737524236732
2021,M,2,0.0005498459180233188
2022,M,2,0.000718985286002531
2023,M,2,0.000636150503917508
2024,M,2,0.000627260503434513
2015,M,3,0.0004949443337784548
2016,M,3,0.00048389791773674874
2017,M,3,0.0004738570286090028
2018,M,3,0.0004628228686975288
2019,M,3,0.0004463182045620482
2020,M,3,0.00044146614773653655
2021,M,3,0.0004252745407999669
2022,M,3,0.000555826832615437
2023,M,3,0.0005105154483438899
2024,M,3,0.0005038357605962361
2015,M,4,0.00040982934037721687
2016,M,4,0.00039892511373498433
2017,M,4,0.0003938174990820834
2018,M,4,0.0003829368159311442
2019,M,4,0.00036887448054993214
2020,M,4,0.00036654505535953984
2021,M,4,0.0003528965715326437
2022,M,4,0.000434791489340679
2023,M,4,0.00041303194696240396
2024,M,4,0.00040793815538532
2015,M,5,0.0003541321426429263
2016,M,5,0.0003435275412456957
2017,M,5,0.0003413095324539817
2018,M,5,0.00033072922040217176
2019,M,5,0.00031838055275001633
2020,M,5,0.0003175019526210635
2021,M,5,0.0003055790328097914
2022,M,5,0.000346775310798289
2023,M,5,0.000338776046357589
2024,M,5,0.000334779566800501
2015,M,6,0.00031575737887142653
2016,M,6,0.00030548498509721893
2017,M,6,0.0003050506528212316
2018,M,6,0.00029479653037936093
2019,M,6,0.0002837649441934419
2020,M,6,0.0002837395574872221
2021,M,6,0.0002730665228139054
2022,M,6,0.00028475654142369
2023,M,6,0.000283888182769161
2024,M,6,0.000280608732947462
2015,M,7,0.0002894687208405514
2016,M,7,0.00027951340171872134
2017,M,7,0.0002801393180379098
2018,M,7,0.00027019151039482886
2019,M,7,0.00026026363435093295
2020,M,7,0.00026067200794099876
2021,M,7,0.0002509305363027877
2022,M,7,0.000243284904622786
2023,M,7,0.000245270519797721
2024,M,7,0.000242414947635852
2015,M,8,0.00027324812558921944
2016,M,8,0.00026356923023045754
2017,M,8,0.0002646636702792362
2018,M,8,0.00025497810892798593
2019,M,8,0.0002460759447255739
2020,M,8,0.00024653272779956903
2021,M,8,0.0002374769300358785
2022,M,8,0.00021876987761281
2023,M,8,0.000221016454619439
2024,M,8,0.00021835359466791098
2015,M,9,0.00026715808086751676
2016,M,9,0.0002576922631675111
2017,M,9,0.0002586302599709661
2018,M,9,0.0002491416640556444
2019,M,9,0.0002413250016006026
2020,M,9,0.00024136967032900453
2021,M,9,0.0002327735189271783
2022,M,9,0.00020948239352611202
2023,M,9,0.00021030955063099
2024,M,9,0.000207635387304336
2015,M,10,0.0002731683887509509
2016,M,10,0.0002638217305285665
2017,M,10,0.0002637805009731162
2018,M,10,0.0002543955581457824
2019,M,10,0.0002479061054119464
2020,M,10,0.00024687763396035194
2021,M,10,0.00023848836200661479
2022,M,10,0.000216077749832198
2023,M,10,0.000214200623006995
2024,M,10,0.000211301584817937
2015,M,11,0.0002955605951078454
2016,M,11,0.0002861904523012455
2017,M,11,0.00028392790289525006
2018,M,11,0.0002745096238551457
2019,M,11,0.000269867141963506
2020,M,11,0.00026672208752209694
2021,M,11,0.00025820321717192983
2022,M,11,0.000242179436515264
2023,M,11,0.000236042393185005
2024,M,11,0.000232645065456992
2015,M,12,0.0003418915809953135
2016,M,12,0.00033227407763135216
2017,M,12,0.00032578615240882146
2018,M,12,0.00031612679830195255
2019,M,12,0.00031430348162756535
2020,M,12,0.0003073262599550231
2021,M,12,0.00029817406029404613
2022,M,12,0.00029542309533456
2023,M,12,0.000282465402384556
2024,M,12,0.000278173999742748
2015,M,13,0.00042469626799424687
2016,M,13,0.00041447071407974
2017,M,13,0.0004004337588557638
2018,M,13,0.0003902106910446972
2019,M,13,0.0003929309855008081
2020,M,13,0.0003792581529703919
2021,M,13,0.0003686700918082197
2022,M,13,0.000390153723690022
2023,M,13,0.00036576396851461
2024,M,13,0.00035996365263604203
2015,M,14,0.0005643000955471034
2016,M,14,0.0005528749912358308
2017,M,14,0.0005257233010750656
2018,M,14,0.0005144280854944933
2019,M,14,0.0005246738018227367
2020,M,14,0.0004995060953072565
2021,M,14,0.00048616906313511514
2022,M,14,0.000546427958088506
2023,M,14,0.000502498560935701
2024,M,14,0.0004942734276690681
2015,M,15,0.001099520929190381
2016,M,15,0.0010723141420217015
2017,M,15,0.0010524538305471676
2018,M,15,0.0010241127259553375
2019,M,15,0.0010074706578344875
2020,M,15,0.0009863461138840967
2021,M,15,0.0009658081551009593
2022,M,15,0.000789615757377048
2023,M,15,0.00071313017352655
2024,M,15,0.000701202968981654
2015,M,16,0.0014049681564958032
2016,M,16,0.0013702097720980657
2017,M,16,0.0013465964011160068
2018,M,16,0.0013104503136420118
2019,M,16,0.0012857764482580515
2020,M,16,0.0012604853624054557
2021,M,16,0.0012352954688738607
2022,M,16,0.00113173485667812
2023,M,16,0.00100547521916475
2024,M,16,0.000988415887666909
2015,M,17,0.0016828913391171512
2016,M,17,0.0016415324404529372
2017,M,17,0.0016129434182930362
2018,M,17,0.0015706854501044971
2019,M,17,0.0015390629628932743
2020,M,17,0.0015093318884349968
2021,M,17,0.0014793502442170812
2022,M,17,0.00155031908899546
2023,M,17,0.00135792084039742
2024,M,17,0.00133465547299306
2015,M,18,0.0019107723795591255
2016,M,18,0.001864444514150968
2017,M,18,0.001829326934500005
2018,M,18,0.0017835837336975969
2019,M,18,0.0017469372120150208
2020,M,18,0.0017124993421290505
2021,M,18,0.0016777587813819512
2022,M,18,0.00198246035208751
2023,M,18,0.00171710056475316
2024,M,18,0.00168747477021737
2015,M,19,0.0020948575437263264
2016,M,19,0.0020448442831627095
2017,M,19,0.002002273348541976
2018,M,19,0.0019550799700290738
2019,M,19,0.0019149036958336636
2020,M,19,0.0018757189871349954
2021,M,19,0.0018363955811360377
2022,M,19,0.00233504799327491
2023,M,19,0.00200777379800932
2024,M,19,0.00197294707033989
2015,M,20,0.0022792513602329983
2016,M,20,0.0022258185435636195
2017,M,20,0.0021751751109944156
2018,M,20,0.0021267306176550455
2019,M,20,0.0020833922707717873
2020,M,20,0.0020391216336911972
2021,M,20,0.0019948471388912515
2022,M,20,0.00256261072925822
2023,M,20,0.0021978225326258196
2024,M,20,0.0021595700670206898
2015,M,21,0.0024578190434661326
2016,M,21,0.002400785315660427
2017,M,21,0.0023428919248244576
2018,M,21,0.0022928543034709745
2019,M,21,0.002246073793253211
2020,M,21,0.0021971369849172655
2021,M,21,0.002148196353198263
2022,M,21,0.00266741564313423
2023,M,21,0.0022941509583588398
2024,M,21,0.00225418952829643
2015,M,22,0.0025761866644616817
2016,M,22,0.0025159361285821266
2017,M,22,0.0024531359748170127
2018,M,22,0.002402378785158045
2019,M,22,0.0023523371322841545
2020,M,22,0.0023004128395271006
2021,M,22,0.002248485736986314
2022,M,22,0.00269288339627486
2023,M,22,0.00233452220960632
2024,M,22,0.00229395140812485
2015,M,23,0.0026180943351600855
2016,M,23,0.002555024326342488
2017,M,23,0.0024906105806178098
2018,M,23,0.002440101926887582
2019,M,23,0.0023869070650461956
2020,M,23,0.0023342789813799738
2021,M,23,0.002281649546515183
2022,M,23,0.00269114783652895
2023,M,23,0.00236186310984519
2024,M,23,0.0023210497502397496
2015,M,24,0.0026030354103839647
2016,M,24,0.002537556571412079
2017,M,24,0.002474024570210797
2018,M,24,0.0024243547700949584
2019,M,24,0.0023682822355617812
2020,M,24,0.0023166013909860983
2021,M,24,0.002264920216754846
2022,M,24,0.00268814809108223
2023,M,24,0.00239366812224334
2024,M,24,0.00235264049055905
2015,M,25,0.0025617250626735087
2016,M,25,0.0024939998552746334
2017,M,25,0.002432317655613034
2018,M,25,0.0023844549086412224
2019,M,25,0.0023253142875277392
2020,M,25,0.0022754651286485306
2021,M,25,0.0022254856555354004
2022,M,25,0.00269858581990964
2023,M,25,0.0024372287588210503
2024,M,25,0.00239583949474962
2015,M,26,0.002526631231347584
2016,M,26,0.0024570138902119346
2017,M,26,0.0023968373853503976
2018,M,26,0.002350482122410358
2019,M,26,0.0022888667198423603
2020,M,26,0.002240440291481628
2021,M,26,0.002191722759347553
2022,M,26,0.00271885151168833
2023,M,26,0.00248267030577338
2024,M,26,0.0024408645906567102
2015,M,27,0.0025084349082127363
2016,M,27,0.0024377367342711845
2017,M,27,0.002378659451559969
2018,M,27,0.0023315693051996823
2019,M,27,0.0022694481166265577
2020,M,27,0.0022212227060520494
2021,M,27,0.0021727518570178713
2022,M,27,0.00274134873628962
2023,M,27,0.0025166901182736502
2024,M,27,0.00247455680422899
2015,M,28,0.002523114062568485
2016,M,28,0.002452298986353415
2017,M,28,0.0023933853467427023
2018,M,28,0.0023423687289582944
2019,M,28,0.002282291563229262
2020,M,28,0.0022323512282007266
2021,M,28,0.002182502594970478
2022,M,28,0.00276133023040714
2023,M,28,0.00253318076478942
2024,M,28,0.00249087162674816
2015,M,29,0.0025641484167152145
2016,M,29,0.0024938661065105295
2017,M,29,0.0024344357822872163
2018,M,29,0.0023773474434801013
2019,M,29,0.0023209896852161844
2020,M,29,0.002267991182062092
2021,M,29,0.0022155556843663675
2022,M,29,0.0027759716615407
2023,M,29,0.00253047715847545
2024,M,29,0.00248815962238637
2015,M,30,0.002611106789603576
2016,M,30,0.00254180719949854
2017,M,30,0.0024815679092049193
2018,M,30,0.002417145147460411
2019,M,30,0.002365582106144583
2020,M,30,0.002309049659299779
2021,M,30,0.002253898713647313
2022,M,30,0.00278812030066242
2023,M,30,0.0025174044368807703
2024,M,30,0.0024751432897242
2015,M,31,0.0026547705212220736
2016,M,31,0.0025862336919332237
2017,M,31,0.00252552629575941
2018,M,31,0.002454885901234485
2019,M,31,0.0024072440712689888
2020,M,31,0.002347814031763564
2021,M,31,0.0022903415586878494
2022,M,31,0.00280238815281557
2023,M,31,0.00250559147544829
2024,M,31,0.00246331683284163
2015,M,32,0.0027069974429477835
2016,M,32,0.002638342133248452
2017,M,32,0.0025777781732197786
2018,M,32,0.00250402908442279
2019,M,32,0.0024576034996408296
2020,M,32,0.0023963563608339917
2021,M,32,0.0023364886061594684
2022,M,32,0.00282364217308061
2023,M,32,0.00250568575540374
2024,M,32,0.00246320321864533
2015,M,33,0.0027682934038130605
2016,M,33,0.0026982068018867517
2017,M,33,0.0026386474257353546
2018,M,33,0.00256625971053149
2019,M,33,0.002517147295380792
2020,M,33,0.0024556724683487737
2021,M,33,0.002393419655755984
2022,M,33,0.00285647023693889
2023,M,33,0.0025270162800546
2024,M,33,0.00248401973552291
2015,M,34,0.0028405450741038588
2016,M,34,0.0027680466675516755
2017,M,34,0.0027098885134501575
2018,M,34,0.0026419677051226025
2019,M,34,0.0025873244077689135
2020,M,34,0.0025267293534249995
2021,M,34,0.002462177159154828
2022,M,34,0.00290298032161234
2023,M,34,0.0025731693320086403
2024,M,34,0.0025293101088743
2015,M,35,0.0029270259767692594
2016,M,35,0.00285158094430201
2017,M,35,0.0027951068913483236
2018,M,35,0.00273272003470298
2019,M,35,0.0026713001886313724
2020,M,35,0.0026117231667218414
2021,M,35,0.00254450752398248
2022,M,35,0.00296439569465846
2023,M,35,0.00264571269362855
2024,M,35,0.00260062591651049
2015,M,36,0.0030294453828002155
2016,M,36,0.0029512199236134064
2017,M,36,0.0028955431948721392
2018,M,36,0.0028372713349228474
2019,M,36,0.002769825430860864
2020,M,36,0.002710701969367654
2021,M,36,0.0026409341070763987
2022,M,36,0.00304091139503982
2023,M,36,0.00274292737894478
2024,M,36,0.0026962775549767
2015,M,37,0.0031477270696462657
2016,M,37,0.003067252468748311
2017,M,37,0.003010141613874677
2018,M,37,0.0029535519288937774
2019,M,37,0.0028816231320484818
2020,M,37,0.002822476697379615
2021,M,37,0.002751299629678477
2022,M,37,0.00313263196880045
2023,M,37,0.00286182688553965
2024,M,37,0.00281332837401323
2015,M,38,0.00328312626415172
2016,M,38,0.0032012656865050212
2017,M,38,0.0031397087592447775
2018,M,38,0.003081158454920377
2019,M,38,0.0030072235104449136
2020,M,38,0.002947311227043137
2021,M,38,0.0028762881372303745
2022,M,38,0.00324124963127646
2023,M,38,0.0029995824283796
2024,M,38,0.00294900826271726
2015,M,39,0.0034378282578144096
2016,M,39,0.003355061864529119
2017,M,39,0.00328678336961098
2018,M,39,0.003223464335814217
2019,M,39,0.0031492046126720646
2020,M,39,0.0030878087588883914
2021,M,39,0.003017956363125163
2022,M,39,0.00336955095719219
2023,M,39,0.00315321228156924
2024,M,39,0.00310040413236228
2015,M,40,0.00361248769301744
2016,M,40,0.0035286253404068833
2017,M,40,0.0034525514499843695
2018,M,40,0.003383443454142096
2019,M,40,0.0033091798749499213
2020,M,40,0.0032459602129300876
2021,M,40,0.003177552974621368
2022,M,40,0.00352212910933579
2023,M,40,0.003320448320307
2024,M,40,0.0032653173041749103
2015,M,41,0.0038111546735825614
2016,M,41,0.0037254062224325764
2017,M,41,0.0036417553015051936
2018,M,41,0.0035671670588935107
2019,M,41,0.0034918118858802
2020,M,41,0.0034263512832573896
2021,M,41,0.003358680296190216
2022,M,41,0.00370468363575414
2023,M,41,0.00349928428779062
2024,M,41,0.0034418126746804697
2015,M,42,0.004039383608083506
2016,M,42,0.0039508543042007975
2017,M,42,0.0038602186322129394
2018,M,42,0.003780201901006351
2019,M,42,0.0037023328601105162
2020,M,42,0.0036336757906424103
2021,M,42,0.003565519400360547
2022,M,42,0.00392129831656358
2023,M,42,0.00368919363675081
2024,M,42,0.00362939437485505
2015,M,43,0.004300782649276053
2016,M,43,0.004208290304844983
2017,M,43,0.004111849653018886
2018,M,43,0.004026866358511282
2019,M,43,0.0039444393512406955
2020,M,43,0.0038714373551817375
2021,M,43,0.0038010394425277275
2022,M,43,0.00417495340820014
2023,M,43,0.00389068172494204
2024,M,43,0.00382856865699685
2015,M,44,0.004595032218839252
2016,M,44,0.004497439730367795
2017,M,44,0.004395984238720592
2018,M,44,0.00430619656842206
2019,M,44,0.004217593390975817
2020,M,44,0.004139205874528039
2021,M,44,0.004065082908101541
2022,M,44,0.00446357483900672
2023,M,44,0.00410679802689908
2024,M,44,0.00404230535708264
2015,M,45,0.004917022363846127
2016,M,45,0.004814125778663811
2017,M,45,0.004707340954509423
2018,M,45,0.004612683267448025
2019,M,45,0.004517286201301423
2020,M,45,0.004433297974428248
2021,M,45,0.004354924169657661
2022,M,45,0.00478114025278347
2023,M,45,0.004342497094603791
2024,M,45,0.00427542274769286
2015,M,46,0.005267916930740654
2016,M,46,0.005159074917459677
2017,M,46,0.005046207071348867
2018,M,46,0.004945825244148252
2019,M,46,0.004843637770135379
2020,M,46,0.004753571647041093
2021,M,46,0.004670654188434617
2022,M,46,0.00511912345508507
2023,M,46,0.0046043212597809
2024,M,46,0.00453429138251876
2015,M,47,0.005655307782790764
2016,M,47,0.00553839036246855
2017,M,47,0.0054192699571391474
2018,M,47,0.005311631960000109
2019,M,47,0.005202371947566352
2020,M,47,0.005104634597705712
2021,M,47,0.0050161539550055406
2022,M,47,0.00546706767624954
2023,M,47,0.00490019157100748
2024,M,47,0.00482663239064827
2015,M,48,0.006082145548155043
2016,M,48,0.005954481791016975
2017,M,48,0.005828901743626154
2018,M,48,0.0057120267443265494
2019,M,48,0.00559556519774784
2020,M,48,0.005488209228434513
2021,M,48,0.00539303692074167
2022,M,48,0.00582208727323713
2023,M,48,0.00523667084150374
2024,M,48,0.005158883586089159
2015,M,49,0.006547342894032356
2016,M,49,0.00640696266973707
2017,M,49,0.006274536312768456
2018,M,49,0.006146991287229634
2019,M,49,0.00602313862353107
2020,M,49,0.0059048280185138935
2021,M,49,0.0058020134055611185
2022,M,49,0.00618776137327136
2023,M,49,0.00561952009264237
2024,M,49,0.00553673450583633
2015,M,50,0.007048613170215986
2016,M,50,0.006894285504445943
2017,M,50,0.006755270999533439
2018,M,50,0.006616070341771751
2019,M,50,0.006484697248431628
2020,M,50,0.006354198021583333
2021,M,50,0.006243281276211572
2022,M,50,0.00657882323543303
2023,M,50,0.00605180737237396
2024,M,50,0.00596329802254077
2015,M,51,0.007583587055463886
2016,M,51,0.007415530075821018
2017,M,51,0.007269281577012685
2018,M,51,0.007118684284734819
2019,M,51,0.006979373595233132
2020,M,51,0.006837052600551125
2021,M,51,0.006717687086533833
2022,M,51,0.00701919463271975
2023,M,51,0.00653422162302586
2024,M,51,0.00643941148272742
2015,M,52,0.008152612029339548
2016,M,52,0.00797212681956571
2017,M,52,0.007816227863662515
2018,M,52,0.007655583037945277
2019,M,52,0.007507551606386508
2020,M,52,0.00735567261133783
2021,M,52,0.007227206169221326
2022,M,52,0.00753027392820859
2023,M,52,0.00706551183129133
2024,M,52,0.0069640017759767196
2015,M,53,0.008755559079930149
2016,M,53,0.008564821402734889
2017,M,53,0.008396048338599821
2018,M,53,0.0082274780096646
2019,M,53,0.008069758272097714
2020,M,53,0.00791170489386821
2021,M,53,0.007773477391536083
2022,M,53,0.00813167872237415
2023,M,53,0.0076421924347311295
2024,M,53,0.00753379587047687
2015,M,54,0.00939517281340058
2016,M,54,0.0091957658944441
2017,M,54,0.009011795210226435
2018,M,54,0.008836773439258037
2019,M,54,0.008668700243633344
2020,M,54,0.008506834980964103
2021,M,54,0.00835840740320101
2022,M,54,0.00882784182298546
2023,M,54,0.00825916046270599
2024,M,54,0.00814383906965971
2015,M,55,0.010087009541343188
2016,M,55,0.009878677698494107
2017,M,55,0.009677488653640941
2018,M,55,0.009495882662810434
2019,M,55,0.009316207968047665
2020,M,55,0.009151044397846227
2021,M,55,0.008991236480604738
2022,M,55,0.00960776121873636
2023,M,55,0.0089095584416844
2024,M,55,0.008787354540205539
2015,M,56,0.010826687101568228
2016,M,56,0.010608553432267907
2017,M,56,0.01039056124745929
2018,M,56,0.01020137664834456
2019,M,56,0.010010121173511535
2020,M,56,0.009840385221539112
2021,M,56,0.009669102730503936
2022,M,56,0.0104494567215151
2023,M,56,0.00958837733789208
2024,M,56,0.00945930108964237
2015,M,57,0.011595726542359887
2016,M,57,0.01136802941219377
2017,M,57,0.011136328882158783
2018,M,57,0.010939108590210883
2019,M,57,0.010738414998633065
2020,M,57,0.010562477474484211
2021,M,57,0.01038171255284672
2022,M,57,0.0113195171495713
2023,M,57,0.010293045561398
2024,M,57,0.0101569555042087
2015,M,58,0.012389511566264154
2016,M,58,0.012152518908037703
2017,M,58,0.011911895429919212
2018,M,58,0.011705937319670753
2019,M,58,0.01149899314189495
2020,M,58,0.01131437246197084
2021,M,58,0.011127087807767003
2022,M,58,0.0121985636299803
2023,M,58,0.0110310268412573
2024,M,58,0.010887514230364999
2015,M,59,0.013224099250532927
2016,M,59,0.012977615687953067
2017,M,59,0.012731270004700822
2018,M,59,0.01251560964736515
2019,M,59,0.012304371697962536
2020,M,59,0.012108861152183114
2021,M,59,0.011916896039866795
2022,M,59,0.0130846683360096
2023,M,59,0.0118209740703789
2024,M,59,0.011669250421844999
2015,M,60,0.014117079660499668
2016,M,60,0.013861739866778328
2017,M,60,0.013611470254529186
2018,M,60,0.013386462166895966
2019,M,60,0.013172198934395715
2020,M,60,0.012965451997266954
2021,M,60,0.012770017188488789
2022,M,60,0.0140018022096523
2023,M,60,0.012693586941501099
2024,M,60,0.012532431813082499
2015,M,61,0.015099188376551833
2016,M,61,0.01483377371712505
2017,M,61,0.014577366806008237
2018,M,61,0.014341832070577591
2019,M,61,0.014122572694313947
2020,M,61,0.013904019070916852
2021,M,61,0.013703367628108394
2022,M,61,0.0150016023373311
2023,M,61,0.0136925812799462
2024,M,61,0.013520297418103601
2015,M,62,0.01619697689996641
2016,M,62,0.01591697110899844
2017,M,62,0.015648650673274176
2018,M,62,0.015398020938693436
2019,M,62,0.015168387157687098
2020,M,62,0.014935132043666397
2021,M,62,0.014724424425984
2022,M,62,0.0161330811856829
2023,M,62,0.014853461431211799
2024,M,62,0.014668152107946099
2015,M,63,0.017435384880261143
2016,M,63,0.017134441160491617
2017,M,63,0.016845661587000828
2018,M,63,0.016573680609544075
2019,M,63,0.016325890121727724
2020,M,63,0.01607421491053547
2021,M,63,0.015846445353799674
2022,M,63,0.0174402661020376
2023,M,63,0.016200107368842802
2024,M,63,0.0160000386394604
2015,M,64,0.018816450461503275
2016,M,64,0.01848947127004232
2017,M,64,0.01817350263056951
2018,M,64,0.01787521853216872
2019,M,64,0.017603031463523718
2020,M,64,0.01732991883155196
2021,M,64,0.017079530281826513
2022,M,64,0.0189389103900436
2023,M,64,0.0177239892657759
2024,M,64,0.0175082677719769
2015,M,65,0.020301279911566425
2016,M,65,0.019945304528606742
2017,M,65,0.019598764312535252
2018,M,65,0.019271165958947917
2019,M,65,0.018971748418560645
2020,M,65,0.01867505966191972
2021,M,65,0.018399297000361536
2022,M,65,0.0206066545743382
2023,M,65,0.019371747487086498
2024,M,65,0.019141191429233602
2015,M,66,0.021909055497586843
2016,M,66,0.02152395495216369
2017,M,66,0.0211474319236961
2018,M,66,0.020790483883334668
2019,M,66,0.020463956038848475
2020,M,66,0.020143199931261426
2021,M,66,0.01984228355109249
2022,M,66,0.0224020936581324
2023,M,66,0.0210690441848622
2024,M,66,0.0208264129818503
2015,M,67,0.02371566431916564
2016,M,67,0.023302400812567563
2017,M,67,0.02289766106701111
2018,M,67,0.022512871071614357
2019,M,67,0.022159237138429974
2020,M,67,0.021814954130904875
2021,M,67,0.021489669140085245
2022,M,67,0.0242625945616473
2023,M,67,0.022722964728690703
2024,M,67,0.0224729547062869
2015,M,68,0.025759850782066555
2016,M,68,0.02532078369804244
2017,M,68,0.024891493019462804
2018,M,68,0.024481976971557164
2019,M,68,0.024102303514393065
2020,M,68,0.023735901659196815
2021,M,68,0.023388305754298587
2022,M,68,0.0261527064166805
2023,M,68,0.024284648940104903
2024,M,68,0.0240325828088325
2015,M,69,0.028035968127266102
2016,M,69,0.027572362333532698
2017,M,69,0.02712082371366383
2018,M,69,0.02668849919140123
2019,M,69,0.02628315351847889
2020,M,69,0.025895201245517183
2021,M,69,0.025526369336543855
2022,M,69,0.028084121624164
2023,M,69,0.025777072687470197
2024,M,69,0.025527121623042
2015,M,70,0.03049045947346365
2016,M,70,0.03000162049596431
2017,M,70,0.029527576882232592
2018,M,70,0.029072112302075136
2019,M,70,0.028639695042766082
2020,M,70,0.02822958069055192
2021,M,70,0.027838857288153992
2022,M,70,0.0301165168128048
2023,M,70,0.027291061730909297
2024,M,70,0.0270449885860862
2015,M,71,0.03312250058126345
2016,M,71,0.032605523276198194
2017,M,71,0.032105904944858564
2018,M,71,0.03162457800642382
2019,M,71,0.03116260705769643
2020,M,71,0.030728008663782985
2021,M,71,0.030312761148659776
2022,M,71,0.0323728164118333
2023,M,71,0.0289999890391286
2024,M,71,0.028755941758850302
2015,M,72,0.03600342359734116
2016,M,72,0.03545452464215662
2017,M,72,0.03492531725560804
2018,M,72,0.034414649897798896
2019,M,72,0.033921080377139944
2020,M,72,0.03345856471930517
2021,M,72,0.033015371554165604
2022,M,72,0.0349706290038456
2023,M,72,0.0310667517539852
2024,M,72,0.0308201533153977
2015,M,73,0.03916642724701667
2016,M,73,0.03858029493547198
2017,M,73,0.03801567134016813
2018,M,73,0.0374706555067929
2019,M,73,0.03694298339326927
2020,M,73,0.036447782258105486
2021,M,73,0.0359718965981534
2022,M,73,0.0380037323107666
2023,M,73,0.0336241305287958
2024,M,73,0.0333689401601109
2015,M,74,0.04261943724620515
2016,M,74,0.041990879625623735
2017,M,74,0.041385276772548614
2018,M,74,0.04080108587537879
2019,M,74,0.040236604379884855
2020,M,74,0.03970412764741452
2021,M,74,0.039190980377539035
2022,M,74,0.0415099048611672
2023,M,74,0.036739316098117
2024,M,74,0.036469753700510095
2015,M,75,0.046348225818876626
2016,M,75,0.04567165147087555
2017,M,75,0.04501961314030804
2018,M,75,0.04439134504506922
2019,M,75,0.043786095683843666
2020,M,75,0.04321172761772806
2021,M,75,0.04265685935582422
2022,M,75,0.0454231143107581
2023,M,75,0.040354957820936906
2024,M,75,0.0400684103750234
2015,M,76,0.0503604615516491
2016,M,76,0.04963228396867598
2017,M,76,0.04893061321121066
2018,M,76,0.04825528193805759
2019,M,76,0.04760612889343919
2020,M,76,0.046986925447171764
2021,M,76,0.04638742510320521
2022,M,76,0.0496397175673226
2023,M,76,0.0443645566507067
2024,M,76,0.0440625633688948
2015,M,77,0.05470409743334502
2016,M,77,0.05392329884254513
2017,M,77,0.05317109642631836
2018,M,77,0.05244781509461605
2019,M,77,0.05175377566765301
2020,M,77,0.05108855389625717
2021,M,77,0.05044294612201852
2022,M,77,0.0540229954928386
2023,M,77,0.048605896315806
2024,M,77,0.048294933327121495
2015,M,78,0.05941225026823214
2016,M,78,0.0585799075173599
2017,M,78,0.05777835288083233
2018,M,78,0.05700802896935563
2019,M,78,0.0562693697810927
2020,M,78,0.05555842361825848
2021,M,78,0.05486648003452997
2022,M,78,0.0585042908844021
2023,M,78,0.05298091021960721
2024,M,78,0.0526703652071428
2015,M,79,0.06451783098058099
2016,M,79,0.06363361069033482
2017,M,79,0.06278251057319925
2018,M,79,0.06196476696297355
2019,M,79,0.06118061133229943
2020,M,79,0.06042304164083311
2021,M,79,0.05968338201546108
2022,M,79,0.0631783504909716
2023,M,79,0.057567476734663
2024,M,79,0.057265021936942294
2022,M,80,0.0682563848248188
2023,M,80,0.0625751841081397
2024,M,80,0.0622838973446298
2022,M,81,0.0741225225000901
2023,M,81,0.068418958128299
2024,M,81,0.06813341239883369
2022,M,82,0.08113914157239469
2023,M,82,0.07549927066506579
2024,M,82,0.0752066002094976
2022,M,83,0.0895087233576236
2023,M,83,0.0840468883702997
2024,M,83,0.08373090629879179
2022,M,84,0.0992326035910287
2023,M,84,0.0940601213158124
2024,M,84,0.0937059260010813
2022,M,85,0.109844806260581
2023,M,85,0.104977434202187
2024,M,85,0.10458274915735499
2022,M,86,0.120673679598793
2023,M,86,0.115970576678747
2024,M,86,0.115550678350721
2022,M,87,0.130958184124767
2023,M,87,0.126094487559099
2024,M,87,0.125682909538264
2022,M,88,0.140118995302333
2023,M,88,0.13464081973101302
2024,M,88,0.134282483730177
2022,M,89,0.148247087082476
2023,M,89,0.141753241309103
2024,M,89,0.141485958190139
2024,M,90,1.0
